dadgeneration	momgeneration	date	momfullcross	mommompop	mommomid	momdadpop	momdadid	dadfullcross	dadmompop	dadmomid	daddadpop	dadadid	crossid	V1	I1	V2	I2	V3	I3	V4	I4	V5	I5	V6	I6	V7	I7	V8	I8	V9	I9	V10	I10	v	i	vpf	ipf	vp	tpf	mompop	momid	dadpop	dadid	generation	mommomsp	momdadsp	dadmomsp	daddadsp	momsp	dadsp	momcross	dadcross	momdadcross
F	F	2018-08-20	892-10 x 879 10-1 ID 1	892WKG	10	879WKG	10-1 ID 1	892-3 x 879 2-2 ID 2	892WKG	3	879WKG	2-2 ID 2	120-2	84	10	90	6	82	9	82	9	70	3	68	2	65	10	66	4	94	3	72	6	77.3	6.2	17176.059999999998	1377.6399999999999	0.925748502994012	18553.699999999997	NA	NA	NA	NA	FF	kaal	hook	kaal	hook	NA	NA	KH	KH	KH x KH
F	F	2018-08-20	892-3 x 879 2-2 ID 1	892WKG	3	879WKG	2-2 ID 1	892-10 x 879 10-1 ID 2	892WKG	10	879WKG	10-1 ID 2	131-3	14	14	18	15	10	13	14	10	4	6	11	9	12	10	11	7	12	6	9	7	11.5	9.7	2555.2999999999997	2155.3399999999997	0.5424528301886793	4710.639999999999	NA	NA	NA	NA	FF	kaal	hook	kaal	hook	NA	NA	KH	KH	KH x KH
F	F	2018-07-11	892-4 x 879 G-2 ID 2	892WKG	4	879WKG	G-2 ID 2	892-1 x 879 2-2 ID 1	892WKG	1	879WKG	2-2 ID 1	137-2	0	18	1	23	1	29	1	26	1	25	1	21	1	31	3	18	3	18	3	25	1.5	23.4	333.29999999999995	5199.48	0.06024096385542168	5532.78	NA	NA	NA	NA	FF	kaal	hook	kaal	hook	NA	NA	KH	KH	KH x KH
F	F	2018-09-05	904-2 x 879 10-1 ID 4	904WPG	2	879WKG	10-1 ID 4	904-3 x 879 G-2 ID 4	904WPG	3	879WKG	G-2 ID 4	145-2	25	20	35	9	31	15	25	10	28	15	25	12	29	27	39	19	26	13	27	17	29	15.7	6443.799999999999	3488.539999999999	0.6487695749440716	9932.339999999998	NA	NA	NA	NA	FF	kaal	hook	kaal	hook	NA	NA	KH	KH	KH x KH
F	F	2018-08-20	904-2 x 879 G-2 ID 3	904WPG	2	879WKG	G-2 ID 3	904-5 x 879 10-1 ID 2	904WPG	5	879WKG	10-1 ID 2	153-5	9	5	5	2	2	4	7	0	4	3	4	3	3	2	2	7	6	9	6	5	4.8	4	1066.56	888.8	0.5454545454545454	1955.36	NA	NA	NA	NA	FF	kaal	hook	kaal	hook	NA	NA	KH	KH	KH x KH
F	F	2018-08-01	904-3 x 879 10-1 ID 2	904WPG	3	879WKG	10-1 ID 2	904-5 x 879 G-2 ID 8	904WPG	5	879WKG	G-2 ID 8	159-2	1	1	0	1	0	2	0	3	0	4	0	1	0	3	1	1	2	5	1	4	0.5	2.5	111.1	555.5	0.16666666666666666	666.6	NA	NA	NA	NA	FF	kaal	hook	kaal	hook	NA	NA	KH	KH	KH x KH
F	F	2018-08-08	904-3 x 879 G-2 ID 3	904WPG	3	879WKG	G-2 ID 3	904-2 x 879 2-2 ID 2	904WPG	2	879WKG	2-2 ID 2	162-2	4	18	3	22	4	21	3	24	4	20	0	26	5	18	2	22	6	26	2	27	3.3	22.4	733.26	4977.28	0.12840466926070038	5710.54	NA	NA	NA	NA	FF	kaal	hook	kaal	hook	NA	NA	KH	KH	KH x KH
F	F	2018-07-20	904-3 x 879 H-2 ID 4	904WPG	3	879WKG	H-2 ID 4	904-2 x 879 10-1 ID 3	904WPG	2	879WKG	10-1 ID 3	167-1	23	13	32	23	25	14	30	17	32	23	43	22	32	21	45	32	17	15	28	15	30.7	19.5	6821.539999999999	4332.9	0.6115537848605578	11154.439999999999	NA	NA	NA	NA	FF	kaal	hook	kaal	hook	NA	NA	KH	KH	KH x KH
F	F	2018-07-16	904-5 x 879 10-1 ID 1	904WPG	5	879WKG	10-1 ID 1	904-2 x 879 202 ID 5	904WPG	2	879WKG	202 ID 5	177-3	7	8	9	13	11	19	8	24	2	7	6	14	9	11	2	12	2	15	7	8	6.3	13.1	1399.86	2910.8199999999997	0.3247422680412371	4310.679999999999	NA	NA	NA	NA	FF	kaal	hook	kaal	hook	NA	NA	KH	KH	KH x KH
F	F	2018-08-23	904-5 x 879 G-2 ID 3	904WPG	5	879WKG	G-2 ID 3	904-3 x 879 H-2 ID 4	904WPG	3	879WKG	H-2 ID 4	180-1a	0	0	0	0	0	0	0	1	0	0	0	0	0	1	0	0	0	1	0	0	0	0.3	0	66.66	0	66.66	NA	NA	NA	NA	FF	kaal	hook	kaal	hook	NA	NA	KH	KH	KH x KH
F	F	2018-08-29	3587-7 x 879 G-2 ID 4	3587WP	7	879WKG	G-2 ID 4	3587-14 x 879 10-1 ID 3	3587WP	14	879WKG	10-1 ID 3	20-3	1	0	0	2	0	1	0	4	0	1	1	2	0	0	0	3	1	1	0	0	0.3	1.4	66.66	311.08	0.1764705882352941	377.74	NA	NA	NA	NA	FF	kaal	hook	kaal	hook	NA	NA	KH	KH	KH x KH
F	F	2018-08-22	3587-A x 879 10-1 ID 1	3587WP	A	879WKG	10-1 ID 1	3587-7 x 879 G-2 ID 5	3587WP	7	879WKG	G-2 ID 5	25-1	2	10	0	5	3	15	2	13	0	20	1	14	1	23	3	19	1	22	0	20	1.3	16.1	288.86	3577.42	0.07471264367816093	3866.28	NA	NA	NA	NA	FF	kaal	hook	kaal	hook	NA	NA	KH	KH	KH x KH
F	F	2018-07-16	3587-A x 879 G-2 ID 2	3587WP	A	879WKG	G-2 ID 2	3587-14 x 879 10-1 ID 1	3587WP	14	879WKG	10-1 ID 1	28-10	31	23	32	17	40	11	34	17	33	14	32	20	45	23	42	12	25	15	45	16	35.9	16.8	7976.98	3732.96	0.681214421252372	11709.939999999999	NA	NA	NA	NA	FF	kaal	hook	kaal	hook	NA	NA	KH	KH	KH x KH
F	F	2018-08-09	879 10-1 x 892-1 ID 1	879WKG	10-1	892WKG	1 ID 1	879 2-2 x 892-10 ID 7	879WKG	2-2	892WKG	10 ID 7	49-3	2	47	4	43	6	56	2	48	4	58	9	54	3	44	8	46	1	48	4	43	4.3	48.7	955.4599999999999	10821.14	0.08113207547169812	11776.599999999999	NA	NA	NA	NA	FF	hook	kaal	hook	kaal	NA	NA	HK	HK	HK x HK
F	F	2018-09-06	879 10-1 x 892-1 ID 9	879WKG	10-1	892WKG	1 ID 9	879 2-2 x 892-4 ID 5	879WKG	2-2	892WKG	4 ID 5	51-1	30	20	23	15	34	25	29	25	16	24	25	23	24	34	46	19	31	30	19	18	27.7	23.3	6154.939999999999	5177.26	0.5431372549019607	11332.199999999999	NA	NA	NA	NA	FF	hook	kaal	hook	kaal	NA	NA	HK	HK	HK x HK
F	F	2018-08-01	879 10-1 x 892-3 ID 9	879WKG	10-1	892WKG	3 ID 9	879 2-2 x 892-4 ID 12	879WKG	2-2	892WKG	4 ID 12	54-8	34	7	15	6	30	8	27	6	25	9	26	9	37	8	29	8	32	15	29	10	28.4	8.6	6310.48	1910.9199999999998	0.7675675675675675	8221.4	NA	NA	NA	NA	FF	hook	kaal	hook	kaal	NA	NA	HK	HK	HK x HK
F	F	2018-08-08	879 10-1 x 904-5 ID 4	879WKG	10-1	904WPG	5 ID 4	879 G-2 x 904-3 ID 3	879WKG	G-2	904WPG	3 ID 3	61-3	33	18	22	16	29	28	30	19	21	18	24	16	22	18	19	21	23	22	26	22	24.9	19.8	5532.780000000001	4399.5599999999995	0.5570469798657719	9932.34	NA	NA	NA	NA	FF	hook	kaal	hook	kaal	NA	NA	HK	HK	HK x HK
F	F	2018-08-31	879 2-2 x 892-10 ID 1	879WKG	2-2	892WKG	10 ID 1	879 10-1 x 892-3 ID 8	879WKG	10-1	892WKG	3 ID 8	78-1	2	18	0	6	3	11	0	19	3	13	3	16	1	15	0	10	3	20	2	12	1.7	14	377.73999999999995	3110.7999999999997	0.10828025477707007	3488.5399999999995	NA	NA	NA	NA	FF	hook	kaal	hook	kaal	NA	NA	HK	HK	HK x HK
F	F	2018-08-09	879 G-2 x 904-3 ID 5	879WKG	G-2	904WPG	3 ID 5	879 2-2 x 904-5 ID 3	879WKG	2-2	904WPG	5 ID 3	96-2	2	2	4	5	2	8	5	10	4	4	2	9	1	13	5	6	3	14	3	9	3.1	8	688.8199999999999	1777.6	0.27927927927927926	2466.42	NA	NA	NA	NA	FF	hook	kaal	hook	kaal	NA	NA	HK	HK	HK x HK
F	F	2019-10-02	879 10-1 x 892-1 ID 1	879WKG	10-1	892WKG	1 ID 1	879 2-2 x 892-10 ID 7	879WKG	2-2	892WKG	10 ID 7	49-1	6	19	5	13	3	11	3	14	3	9	5	1	6	8	3	14	5	16	6	11	4.5	11.6	999.9	2577.52	0.2795031055900621	3577.42	NA	NA	NA	NA	FF	hook	kaal	hook	kaal	NA	NA	HK	HK	HK x HK
F	F	2019-10-02	879 10-1 x 892-3 ID 9	879WKG	10-1	892WKG	3 ID 9	879 2-2 x 892-4 ID 12	879WKG	2-2	892WKG	4 ID 12	54-4	0	7	1	8	0	10	0	8	2	3	0	6	1	11	0	3	0	5	0	6	0.4	6.7	88.88	1488.74	0.056338028169014086	1577.62	NA	NA	NA	NA	FF	hook	kaal	hook	kaal	NA	NA	HK	HK	HK x HK
F	F	2019-10-02	879 10-1 x 904-5 ID 4	879WKG	10-1	904WPG	5 ID 4	879 G-2 x 904-3 ID 3	879WKG	G-2	904WPG	3 ID 3	61-8	0	2	1	2	0	0	0	0	0	1	0	0	0	1	0	0	0	0	0	0	0.1	0.6	22.22	133.32	0.14285714285714285	155.54	NA	NA	NA	NA	FF	hook	kaal	hook	kaal	NA	NA	HK	HK	HK x HK
F	F	2019-10-02	904-5 x 879 10-1 ID 1	904WPG	5	879WKG	10-1 ID 1	904-2 x 879 202 ID 5	904WPG	2	879WKG	202 ID 5	177-2	0	10	0	10	0	8	0	9	0	5	0	15	0	11	0	26	0	7	0	11	0	11.2	0	2488.64	0	2488.64	NA	NA	NA	NA	FF	kaal	hook	kaal	hook	NA	NA	KH	KH	KH x KH
F	F	2019-10-07	892-3 x 879 2-2 ID 1	892WKG	3	879WKG	2-2 ID 1	892-10 x 879 10-1 ID 2	892WKG	10	879WKG	10-1 ID 2	131-1	5	25	3	25	8	18	7	26	3	16	9	21	6	13	4	14	8	20	8	21	6.1	19.9	1355.4199999999996	4421.78	0.2346153846153846	5777.199999999999	NA	NA	NA	NA	FF	kaal	hook	kaal	hook	NA	NA	KH	KH	KH x KH
F	F	2019-10-07	892-4 x 879 G-2 ID 2	892WKG	4	879WKG	G-2 ID 2	892-1 x 879 2-2 ID 1	892WKG	1	879WKG	2-2 ID 1	137-1	38	18	37	26	44	29	44	22	30	19	46	21	38	27	37	10	49	17	35	16	39.8	20.5	8843.56	4555.0999999999995	0.6600331674958541	13398.66	NA	NA	NA	NA	FF	kaal	hook	kaal	hook	NA	NA	KH	KH	KH x KH
F	F	2019-10-09	879 2-2 x 892-10 ID 1	879WKG	2-2	892WKG	10 ID 1	879 10-1 x 892-3 ID 8	879WKG	10-1	892WKG	3 ID 8	78-11	0	2	0	5	0	4	0	5	0	3	0	2	0	1	0	4	0	2	0	1	0	2.9	0	644.38	0	644.38	NA	NA	NA	NA	FF	hook	kaal	hook	kaal	NA	NA	HK	HK	HK x HK
F	F	NA	879 10-1 x 892-3 ID 9	879WKG	10-1	892WKG	3 ID 9	879 2-2 x 892-4 ID 12	879WKG	2-2	892WKG	4 ID 12	54-2	9	43	10	28	6	19	13	38	4	25	8	23	5	27	11	29	10	18	9	20	8.5	27	1888.6999999999998	5999.4	0.23943661971830985	7888.0999999999995	NA	NA	NA	NA	FF	hook	kaal	hook	kaal	NA	NA	HK	HK	HK x HK
F	P	2018-07-16	879 N-5	NA	NA	NA	NA	3587-14 x 879 10-1 ID 2	3587WP	14	879WKG	10-1 ID 2	110-9	24	5	19	10	22	11	29	11	20	10	26	13	23	21	22	16	22	19	24	14	23.1	13	5132.82	2888.6000000000004	0.6398891966759003	8021.42	879WKG	N-5	NA	NA	PF	NA	NA	kaal	hook	hook	NA	H	KH	H x KH
F	P	2018-08-22	892-1	NA	NA	NA	NA	879 10-1 x 904-5 ID 4	879WKG	10-1	904WPG	5 ID 4	111-1	26	7	40	5	37	9	32	6	29	3	33	8	26	9	31	10	30	5	29	7	31.3	6.9	6954.86	1533.18	0.8193717277486912	8488.039999999999	892WKG	1	NA	NA	PF	NA	NA	hook	kaal	kaal	NA	K	HK	K x HK
F	P	2018-08-09	892-10	NA	NA	NA	NA	892-3 x 879 10-1 ID 1	892WKG	3	879WKG	10-1 ID 1	116-2	21	10	26	18	24	25	18	20	24	24	13	15	25	13	19	14	19	15	26	23	21.5	17.7	4777.3	3932.9399999999996	0.5484693877551021	8710.24	892WKG	10	NA	NA	PF	NA	NA	kaal	hook	kaal	NA	K	KH	K x KH
F	P	2018-08-06	3587-6 ID 1	NA	NA	NA	NA	3587-14 x 879 G-2 ID 1	3587WP	14	879WKG	G-2 ID 1	12-4	12	30	14	23	11	37	10	42	12	34	13	36	19	32	13	44	17	39	20	40	14.1	35.7	3133.0200000000004	7932.54	0.28313253012048195	11065.560000000001	3587WP	6 ID 1	NA	NA	PF	NA	NA	kaal	hook	kaal	NA	K	KH	K x KH
F	P	2018-08-31	892-4	NA	NA	NA	NA	879 10-1 x 892-1 ID 1	879WKG	10-1	892WKG	1 ID 1	132-1	12	21	17	25	13	30	14	32	12	16	14	30	13	24	11	22	9	23	16	24	13.1	24.7	2910.8199999999997	5488.339999999999	0.3465608465608465	8399.16	892WKG	4	NA	NA	PF	NA	NA	hook	kaal	kaal	NA	K	HK	K x HK
F	P	2018-08-22	3587-6 ID 1	NA	NA	NA	NA	3587-7 x 879 10-1 ID 1	3587WP	7	879WKG	10-1 ID 1	13-3	55	31	61	29	69	27	57	20	58	26	68	22	50	21	42	24	41	21	53	20	55.4	24.1	12309.879999999997	5355.02	0.6968553459119496	17664.899999999998	3587WP	6 ID 1	NA	NA	PF	NA	NA	kaal	hook	kaal	NA	K	KH	K x KH
F	P	2018-08-20	892-4	NA	NA	NA	NA	892-10 x 879 10-1 ID 1	892WKG	10	879WKG	10-1 ID 1	134-4	33	22	68	10	56	9	66	13	65	14	56	17	65	13	59	19	68	14	61	9	59.7	14	13265.34	3110.7999999999997	0.8100407055630937	16376.14	892WKG	4	NA	NA	PF	NA	NA	kaal	hook	kaal	NA	K	KH	K x KH
F	P	2018-07-25	892-5	NA	NA	NA	NA	879 2-2 x 892-4 ID 8	879WKG	2-2	892WKG	4 ID 8	139-1	47	11	69	15	69	9	79	10	54	11	73	11	90	7	79	14	68	10	82	4	71	10.2	15776.199999999999	2266.4399999999996	0.874384236453202	18042.64	892WKG	5	NA	NA	PF	NA	NA	hook	kaal	kaal	NA	K	HK	K x HK
F	P	2018-08-09	904-2	NA	NA	NA	NA	879 G-2 x 904-5 ID 2	879WKG	G-2	904WPG	5 ID 2	140-1	15	12	13	10	21	17	13	16	15	11	17	17	18	17	16	13	16	16	19	18	16.3	14.7	3621.8600000000006	3266.3399999999997	0.5258064516129033	6888.200000000001	904WPG	2	NA	NA	PF	NA	NA	hook	kaal	kaal	NA	K	HK	K x HK
F	P	2018-07-30	904-2	NA	NA	NA	NA	904-3 x 879 H-2 ID 4	904WPG	3	879WKG	H-2 ID 4	141-3	20	21	29	37	26	19	28	22	33	21	28	20	32	22	30	25	34	21	43	30	30.3	23.8	6732.66	5288.360000000001	0.5600739371534196	12021.02	904WPG	2	NA	NA	PF	NA	NA	kaal	hook	kaal	NA	K	KH	K x KH
F	P	2018-08-23	904-2	NA	NA	NA	NA	904-5 x 879 10-1 ID 1	904WPG	5	879WKG	10-1 ID 1	142-1	28	13	39	20	33	13	31	24	27	12	30	12	27	11	34	18	21	17	37	10	30.7	15	6821.539999999999	3333	0.6717724288840262	10154.539999999999	904WPG	2	NA	NA	PF	NA	NA	kaal	hook	kaal	NA	K	KH	K x KH
F	P	2018-07-20	904-3	NA	NA	NA	NA	879 G-2 x 904-5 ID 1	879WKG	G-2	904WPG	5 ID 1	155-2	13	10	11	10	7	11	8	3	8	11	12	13	9	9	11	5	15	11	13	12	10.7	9.5	2377.5399999999995	2110.9	0.5297029702970296	4488.44	904WPG	3	NA	NA	PF	NA	NA	hook	kaal	kaal	NA	K	HK	K x HK
F	P	2018-07-20	904-3	NA	NA	NA	NA	904-2 x 879 G-2 ID 3	904WPG	2	879WKG	G-2 ID 3	156-2	10	29	14	39	20	30	12	27	13	35	18	38	13	30	12	34	18	39	17	21	14.7	32.2	3266.3399999999997	7154.84	0.3134328358208955	10421.18	904WPG	3	NA	NA	PF	NA	NA	kaal	hook	kaal	NA	K	KH	K x KH
F	P	2018-08-06	904-5	NA	NA	NA	NA	879 10-1 x 904-3 ID 1	879WKG	10-1	904WPG	3 ID 1	168-3	41	15	41	12	59	14	50	10	42	13	48	10	35	12	43	17	40	9	41	9	44	12.1	9776.8	2688.62	0.7843137254901962	12465.419999999998	904WPG	5	NA	NA	PF	NA	NA	hook	kaal	kaal	NA	K	HK	K x HK
F	P	2018-08-06	904-5-A 4/3/13	NA	NA	NA	NA	879 G-2 x 904-3 ID 5	879WKG	G-2	904WPG	3 ID 5	170-2	23	7	18	10	24	8	32	11	36	11	32	13	40	13	41	12	38	13	37	7	32.1	10.5	7132.619999999999	2333.1	0.7535211267605634	9465.72	904WPG	5-A 4/3/13	NA	NA	PF	NA	NA	hook	kaal	kaal	NA	K	HK	K x HK
F	P	2018-07-11	904-5-A 4/3/13	NA	NA	NA	NA	904-3 x 879 G-2 ID 3	904WPG	3	879WKG	G-2 ID 3	172-6	0	29	2	33	1	32	0	24	1	40	0	14	1	25	3	24	1	36	2	31	1.1	28.8	244.42000000000002	6399.359999999999	0.036789297658862886	6643.779999999999	904WPG	5-A 4/3/13	NA	NA	PF	NA	NA	kaal	hook	kaal	NA	K	KH	K x KH
F	P	2018-08-08	879 10-1	NA	NA	NA	NA	3587-14 x 879 G-2 ID 1	3587WP	14	879WKG	G-2 ID 1	181-1	0	4	0	11	1	7	1	18	0	0	0	10	0	10	2	12	1	11	0	5	0.5	8.8	111.1	1955.3600000000001	0.05376344086021505	2066.46	879WKG	10-1	NA	NA	PF	NA	NA	kaal	hook	hook	NA	H	KH	H x KH
F	P	2018-08-01	3587-12	NA	NA	NA	NA	3587-A x 879 10-1 ID 1	3587WP	A	879WKG	10-1 ID 1	2-7	16	16	49	30	40	21	41	29	39	28	46	31	56	28	55	39	47	35	58	26	44.7	28.3	9932.34	6288.26	0.6123287671232877	16220.6	3587WP	12	NA	NA	PF	NA	NA	kaal	hook	kaal	NA	K	KH	K x KH
F	P	2018-07-05	879 10-1	NA	NA	NA	NA	879 G-2 x 904-5 ID 1	879WKG	G-2	904WPG	5 ID 1	33-9	16	45	14	34	20	43	11	46	14	50	19	45	17	49	11	61	16	45	12	51	15	46.9	3333	10421.18	0.24232633279483037	13754.18	879WKG	10-1	NA	NA	PF	NA	NA	hook	kaal	hook	NA	H	HK	H x HK
F	P	2018-07-06	879 10-1	NA	NA	NA	NA	879 2-2 x 892-4 ID 8	879WKG	2-2	892WKG	4 ID 8	34-1	14	11	20	14	14	15	23	35	16	26	11	23	10	22	12	27	17	22	12	13	14.9	20.8	3310.7799999999997	4621.76	0.41736694677871145	7932.54	879WKG	10-1	NA	NA	PF	NA	NA	hook	kaal	hook	NA	H	HK	H x HK
F	P	2018-07-23	879 10-1 C2	NA	NA	NA	NA	879 2-2 x 892-10 ID 8	879WKG	2-2	892WKG	10 ID 8	35-5	41	5	50	6	55	5	53	7	53	2	44	5	51	6	54	2	45	4	37	3	48.3	4.5	10732.259999999998	999.9	0.9147727272727273	11732.159999999998	879WKG	10-1 C2	NA	NA	PF	NA	NA	hook	kaal	hook	NA	H	HK	H x HK
F	P	2018-08-30	879 10-1 C1	NA	NA	NA	NA	879 10-1 x 904-3 ID 2	879WKG	10-1	904WPG	3 ID 2	36-4	43	8	61	8	36	4	44	15	40	5	33	6	34	8	44	3	33	5	29	4	39.7	6.6	8821.34	1466.52	0.8574514038876889	10287.86	879WKG	10-1 C1	NA	NA	PF	NA	NA	hook	kaal	hook	NA	H	HK	H x HK
F	P	2018-07-25	879 10-1	NA	NA	NA	NA	892-4 x 879 G-2 ID 2	892WKG	4	879WKG	G-2 ID 2	38-1	16	19	15	15	6	11	18	25	10	25	14	22	12	16	15	15	12	15	17	20	13.5	18.3	2999.7	4066.2599999999998	0.42452830188679247	7065.959999999999	879WKG	10-1	NA	NA	PF	NA	NA	kaal	hook	hook	NA	H	KH	H x KH
F	P	2018-07-27	879 10-1	NA	NA	NA	NA	904-2 x 879 G-2 ID 3	904WPG	2	879WKG	G-2 ID 3	39-1	23	22	19	15	24	24	27	22	31	29	27	19	21	20	22	20	26	13	20	15	24	19.9	5332.799999999999	4421.78	0.5466970387243736	9754.579999999998	879WKG	10-1	NA	NA	PF	NA	NA	kaal	hook	hook	NA	H	KH	H x KH
F	P	2018-07-11	879 10-1	NA	NA	NA	NA	904-2 x 879 2-2 ID 5	904WPG	2	879WKG	2-2 ID 5	40-2	0	1	0	0	0	0	0	0	0	1	0	1	1	3	0	1	0	0	0	0	0.1	0.7	22.22	155.54	0.125	177.76	879WKG	10-1	NA	NA	PF	NA	NA	kaal	hook	hook	NA	H	KH	H x KH
F	P	2018-08-15	3587-14	NA	NA	NA	NA	3587-7 x 879 G-2 ID 4	3587WP	7	879WKG	G-2 ID 4	4-1	14	36	18	32	17	39	13	35	9	29	11	33	10	31	7	33	25	40	24	35	14.8	34.3	3288.56	7621.459999999999	0.3014256619144603	10910.019999999999	3587WP	14	NA	NA	PF	NA	NA	kaal	hook	kaal	NA	K	KH	K x KH
F	P	2018-08-23	879 10-1	NA	NA	NA	NA	904-3 x 879 G-2 ID 1	904WPG	3	879WKG	G-2 ID 1	42-3	10	24	13	30	13	29	19	32	11	21	13	21	16	21	5	23	12	24	6	22	11.8	24.7	2621.96	5488.339999999999	0.32328767123287677	8110.299999999999	879WKG	10-1	NA	NA	PF	NA	NA	kaal	hook	hook	NA	H	KH	H x KH
F	P	2018-07-27	879 10-1 large	NA	NA	NA	NA	904-3 x 879 H-2	904WPG	3	879WKG	H-2	43-9	19	16	12	11	17	18	24	19	13	19	19	14	7	12	22	15	21	9	21	17	17.5	15	3888.5	3333	0.5384615384615384	7221.5	879WKG	10-1 large	NA	NA	PF	NA	NA	kaal	hook	hook	NA	H	KH	H x KH
F	P	2018-08-20	879 10-1 large	NA	NA	NA	NA	904-3 x 879 H-2 ID 1	904WPG	3	879WKG	H-2 ID 1	44-9	37	10	31	5	32	4	27	4	28	7	33	6	39	11	37	5	34	4	34	4	33.2	6	7377.039999999999	1333.1999999999998	0.8469387755102041	8710.239999999998	879WKG	10-1 large	NA	NA	PF	NA	NA	kaal	hook	hook	NA	H	KH	H x KH
F	P	2018-08-15	879 10-1	NA	NA	NA	NA	3587-7 x 879 G-2 ID 4	3587WP	7	879WKG	G-2 ID 4	47-3	39	4	32	6	44	8	39	6	49	12	30	6	58	10	49	9	59	8	36	7	43.5	7.6	9665.699999999999	1688.7199999999998	0.8512720156555773	11354.419999999998	879WKG	10-1	NA	NA	PF	NA	NA	kaal	hook	hook	NA	H	KH	H x KH
F	P	2018-08-13	879 2-2	NA	NA	NA	NA	879 10-1 x 892-1 ID 1	879WKG	10-1	892WKG	1 ID 1	64-5	28	16	28	21	39	34	26	25	36	20	25	22	39	29	31	30	39	35	38	23	32.9	25.5	7310.379999999999	5666.0999999999985	0.5633561643835617	12976.479999999998	879WKG	2-2	NA	NA	PF	NA	NA	hook	kaal	hook	NA	H	HK	H x HK
F	P	2018-07-23	879 2-2	NA	NA	NA	NA	879 10-1 x 892-3 ID 8	879WKG	10-1	892WKG	3 ID 8	65-3	29	23	31	24	39	29	38	18	41	23	42	27	55	36	46	38	32	22	40	26	39.3	26.6	8732.46	5910.52	0.5963581183611533	14642.98	879WKG	2-2	NA	NA	PF	NA	NA	hook	kaal	hook	NA	H	HK	H x HK
F	P	2018-07-13	879 2-2	NA	NA	NA	NA	879 G-2 x 904-5 ID 2	879WKG	G-2	904WPG	5 ID 2	66-6	9	18	10	16	8	21	6	14	8	16	6	17	7	16	11	14	5	13	6	14	7.6	15.9	1688.7199999999998	3532.98	0.3234042553191489	5221.7	879WKG	2-2	NA	NA	PF	NA	NA	hook	kaal	hook	NA	H	HK	H x HK
F	P	2018-07-13	879 2-2	NA	NA	NA	NA	879 G-2 x 904-5 ID 1	879WKG	G-2	904WPG	5 ID 1	67-1	26	24	29	37	23	25	15	28	22	20	21	15	22	16	25	26	14	24	23	14	22	22.9	4888.4	5088.379999999999	0.48997772828507796	9976.779999999999	879WKG	2-2	NA	NA	PF	NA	NA	hook	kaal	hook	NA	H	HK	H x HK
F	P	2018-07-09	879 2-2	NA	NA	NA	NA	892-10 x 879 10-1 ID 2	892WKG	10	879WKG	10-1 ID 2	68-6	25	36	14	38	12	39	11	36	23	54	16	35	19	49	10	36	21	50	16	37	16.7	41	3710.74	9110.199999999999	0.28942807625649913	12820.939999999999	879WKG	2-2	NA	NA	PF	NA	NA	kaal	hook	hook	NA	H	KH	H x KH
F	P	2018-08-30	879 2-2	NA	NA	NA	NA	892-3 x 879 10-1 ID 1	892WKG	3	879WKG	10-1 ID 1	69-11	55	6	43	5	58	9	64	7	63	7	55	14	55	11	70	16	61	18	69	10	59.3	10.3	13176.46	2288.66	0.8520114942528736	15465.119999999999	879WKG	2-2	NA	NA	PF	NA	NA	kaal	hook	hook	NA	H	KH	H x KH
F	P	2018-07-05	879 2-2	NA	NA	NA	NA	904-2 x 879 10-1 ID 4	904WPG	2	879WKG	10-1 ID 4	70-11	42	26	48	28	59	31	52	21	35	32	55	30	60	25	38	27	59	28	64	23	51.2	27.1	11376.64	6021.620000000001	0.6538952745849297	17398.260000000002	879WKG	2-2	NA	NA	PF	NA	NA	kaal	hook	hook	NA	H	KH	H x KH
F	P	2018-07-18	879 2-2	NA	NA	NA	NA	904-3 x 879 10-1 ID 2	904WPG	3	879WKG	10-1 ID 2	71-10	41	21	39	24	42	19	41	19	40	21	43	18	34	24	43	20	44	29	32	19	39.9	21.4	8865.779999999999	4755.079999999999	0.6508972267536706	13620.859999999997	879WKG	2-2	NA	NA	PF	NA	NA	kaal	hook	hook	NA	H	KH	H x KH
F	P	2018-07-03	879 2-2	NA	NA	NA	NA	3587-7 x 879 10-1 ID 1	3587WP	7	879WKG	10-1 ID 1	72-3	13	22	19	29	23	35	15	30	13	20	25	19	10	20	24	35	15	31	20	17	17.7	25.8	3932.9399999999996	5732.76	0.40689655172413786	9665.7	879WKG	2-2	NA	NA	PF	NA	NA	kaal	hook	hook	NA	H	KH	H x KH
F	P	2018-07-09	879 2-2	NA	NA	NA	NA	3587-7 x 879 G-2 ID 4	3587WP	7	879WKG	G-2 ID 4	73-8	33	28	34	20	29	20	28	22	29	28	34	23	56	17	28	18	42	18	34	22	34.7	21.6	7710.34	4799.52	0.6163410301953819	12509.86	879WKG	2-2	NA	NA	PF	NA	NA	kaal	hook	hook	NA	H	KH	H x KH
F	P	2018-07-16	879 2-2	NA	NA	NA	NA	3587-A x 879 10-1 ID 1	3587WP	A	879WKG	10-1 ID 1	74-7	5	14	3	22	7	28	4	22	6	21	3	18	8	36	6	34	3	13	2	28	4.7	23.6	1044.34	5243.92	0.16607773851590105	6288.26	879WKG	2-2	NA	NA	PF	NA	NA	kaal	hook	hook	NA	H	KH	H x KH
F	P	2018-07-09	879 2-2 small	NA	NA	NA	NA	879 10-1 x 904-5 ID 4	879WKG	10-1	904WPG	5 ID 4	75-10	4	25	5	21	3	22	8	37	1	13	4	20	5	33	7	17	3	19	7	18	4.7	22.5	1044.34	4999.5	0.1727941176470588	6043.84	879WKG	2-2 small	NA	NA	PF	NA	NA	hook	kaal	hook	NA	H	HK	H x HK
F	P	2018-08-15	879 2-2 large	NA	NA	NA	NA	879 G-2 x 904-3 ID 1	879WKG	G-2	904WPG	3 ID 1	76-3	4	25	4	37	9	26	8	21	7	25	8	25	10	36	8	37	9	40	8	32	7.5	30.4	1666.5	6754.879999999999	0.1978891820580475	8421.38	879WKG	2-2 large	NA	NA	PF	NA	NA	hook	kaal	hook	NA	H	HK	H x HK
F	P	2018-07-11	879 G-2	NA	NA	NA	NA	879 10-1 x 904-3 ID 1	879WKG	10-1	904WPG	3 ID 1	90-2	16	10	15	8	12	13	15	10	15	8	12	20	24	20	21	23	10	13	19	10	15.9	13.5	3532.98	2999.7	0.5408163265306122	6532.68	879WKG	G-2	NA	NA	PF	NA	NA	hook	kaal	hook	NA	H	HK	H x HK
F	P	2018-08-01	879 G-2	NA	NA	NA	NA	879 10-1 x 904-3 ID 1	879WKG	10-1	904WPG	3 ID 1	90-3	28	8	34	10	41	21	37	18	32	21	24	12	30	8	23	12	24	12	37	17	31	13.9	6888.199999999999	3088.58	0.6904231625835189	9976.779999999999	879WKG	G-2	NA	NA	PF	NA	NA	hook	kaal	hook	NA	H	HK	H x HK
F	P	2018-08-28	879 G-2	NA	NA	NA	NA	892-1 x 879 2-2 ID 1	892WKG	1	879WKG	2-2 ID 1	91-1	62	19	60	22	46	6	49	6	34	5	41	6	40	10	39	13	43	12	49	4	46.3	10.3	10287.859999999999	2288.66	0.8180212014134276	12576.519999999999	879WKG	G-2	NA	NA	PF	NA	NA	kaal	hook	hook	NA	H	KH	H x KH
F	P	2018-09-05	879 G-2	NA	NA	NA	NA	904-5 x 879 10-1 ID 1	904WPG	5	879WKG	10-1 ID 1	92-1	55	19	51	19	52	20	65	18	46	12	48	18	70	23	72	15	62	16	70	26	59.1	18.6	13132.02	4132.92	0.7606177606177605	17264.940000000002	879WKG	G-2	NA	NA	PF	NA	NA	kaal	hook	hook	NA	H	KH	H x KH
F	P	2018-07-18	879 G-2 C2	NA	NA	NA	NA	879 2-2 x 904-5 ID 9	879WKG	2-2	904WPG	5 ID 9	93-2	27	41	31	36	31	36	32	43	29	34	33	42	43	52	44	57	20	40	38	57	32.8	43.8	7288.159999999999	9732.359999999999	0.42819843342036557	17020.519999999997	879WKG	G-2 C2	NA	NA	PF	NA	NA	hook	kaal	hook	NA	H	HK	H x HK
F	P	2018-09-07	879 10-1	NA	NA	NA	NA	904-5 x 879 G-2 ID 3	904WPG	5	879WKG	G-2 ID 3	46-6	35	13	29	16	33	14	36	19	31	13	38	15	30	13	37	25	24	12	30	17	32.3	15.7	7177.0599999999995	3488.539999999999	0.6729166666666667	10665.599999999999	879WKG	10-1	NA	NA	PF	NA	NA	kaal	hook	hook	NA	H	KH	H x KH
F	P	2018-09-06	879 10-1 small	NA	NA	NA	NA	904-3 x 879 H-2 ID 4	904WPG	3	879WKG	H-2 ID 4	45-7	30	6	19	13	45	10	34	9	41	11	17	3	43	7	35	12	35	2	49	7	34.8	8	7732.559999999999	1777.6	0.8130841121495327	9510.159999999998	879WKG	10-1 small	NA	NA	PF	NA	NA	kaal	hook	hook	NA	H	KH	H x KH
F	P	2019-10-02	879 10-1 C1	NA	NA	NA	NA	879 10-1 x 904-3 ID 2	879WKG	10-1	904WPG	3 ID 2	36-1	41	4	37	9	42	5	16	9	35	9	48	6	43	9	34	4	49	4	25	3	37	6.2	8221.4	1377.6399999999999	0.8564814814814815	9599.039999999999	879WKG	10-1 C1	NA	NA	PF	NA	NA	hook	kaal	hook	NA	H	HK	H x HK
F	P	2019-10-02	879 2-2	NA	NA	NA	NA	879 G-2 x 904-5 ID 2	879WKG	G-2	904WPG	5 ID 2	66-1	53	8	52	13	46	11	47	15	32	9	34	14	45	9	40	11	49	10	52	13	45	11.3	9999	2510.86	0.7992895204262878	12509.86	879WKG	2-2	NA	NA	PF	NA	NA	hook	kaal	hook	NA	H	HK	H x HK
F	P	2019-10-02	879 10-1 small	NA	NA	NA	NA	904-3 x 879 H-2 ID 4	904WPG	3	879WKG	H-2 ID 4	45-4	55	5	31	5	56	7	35	5	37	4	46	3	49	5	45	8	42	2	41	4	43.7	4.8	9710.14	1066.56	0.9010309278350516	10776.699999999999	879WKG	10-1 small	NA	NA	PF	NA	NA	kaal	hook	hook	NA	H	KH	H x KH
F	P	2019-10-07	879 G-2	NA	NA	NA	NA	879 10-1 x 904-3 ID 1	879WKG	10-1	904WPG	3 ID 1	90-1	29	8	27	10	32	9	27	11	11	9	38	9	31	9	20	9	27	9	17	14	25.9	9.7	5754.98	2155.3399999999997	0.7275280898876404	7910.32	879WKG	G-2	NA	NA	PF	NA	NA	hook	kaal	hook	NA	H	HK	H x HK
F	P	2019-10-07	879 G-2 C2	NA	NA	NA	NA	879 2-2 x 904-5 ID 9	879WKG	2-2	904WPG	5 ID 9	93-1	36	25	39	16	36	15	65	18	36	14	31	12	23	7	42	18	44	22	36	11	38.8	15.8	8621.359999999999	3510.7599999999998	0.7106227106227105	12132.119999999999	879WKG	G-2 C2	NA	NA	PF	NA	NA	hook	kaal	hook	NA	H	HK	H x HK
F	P	2019-10-09	879 2-2	NA	NA	NA	NA	3587-A x 879 10-1 ID 1	3587WP	A	879WKG	10-1 ID 1	74-1	7	56	10	45	5	58	9	51	11	51	18	69	11	64	15	44	10	57	16	55	11.2	55	2488.64	12221	0.1691842900302115	14709.64	879WKG	2-2	NA	NA	PF	NA	NA	kaal	hook	hook	NA	H	KH	H x KH
F	P	2019-10-09	904-3	NA	NA	NA	NA	879 G-2 x 904-5 ID 1	879WKG	G-2	904WPG	5 ID 1	155-1	40	24	20	21	20	29	33	25	25	16	22	28	24	16	23	13	21	19	14	20	24.2	21.1	5377.24	4688.42	0.5342163355408388	10065.66	904WPG	3	NA	NA	PF	NA	NA	hook	kaal	kaal	NA	K	HK	K x HK
F	P	2019-10-09	904-3	NA	NA	NA	NA	904-2 x 879 G-2 ID 3	904WPG	2	879WKG	G-2 ID 3	156-1	13	53	28	60	21	50	25	51	13	40	13	35	17	48	20	51	14	36	17	37	18.1	46.1	4021.82	10243.420000000002	0.2819314641744548	14265.240000000002	904WPG	3	NA	NA	PF	NA	NA	kaal	hook	kaal	NA	K	KH	K x KH
P	F	2018-07-23	879 G-2 x 904-5 ID 1	879WKG	G-2	904WPG	5 ID 1	866-2 11	NA	NA	NA	NA	101-1	32	9	75	12	67	7	46	11	66	7	74	8	62	8	52	11	61	10	53	6	58.8	8.9	13065.359999999999	1977.58	0.8685376661742984	15042.939999999999	NA	NA	WK	2 11	FP	hook	kaal	NA	NA	NA	hook	HK	H	HK x H
P	F	2018-08-28	892-1 x 879 2-2 ID 1	892WKG	1	879WKG	2-2 ID 1	879 G-2	NA	NA	NA	NA	112-1	19	1	25	5	22	0	32	4	14	9	15	2	12	3	26	5	23	6	22	2	21	3.7	4666.2	822.14	0.8502024291497975	5488.34	NA	NA	879WKG	G-2	FP	kaal	hook	NA	NA	NA	hook	KH	H	KH x H
P	F	2018-09-05	892-1 x 879 2-2 ID 1	892WKG	1	879WKG	2-2 ID 1	892-10 4/3/13	NA	NA	NA	NA	113-3	20	23	25	33	18	3	19	40	21	23	23	27	22	24	26	30	27	43	32	39	23.3	28.5	5177.26	6332.7	0.44980694980694985	11509.96	NA	NA	892WKG	10 4/3/13	FP	kaal	hook	NA	NA	NA	kaal	KH	K	KH x K
P	F	2018-08-29	892-10 x 879 10-1 ID 1	892WKG	10	879WKG	10-1 ID 1	879 2-2	NA	NA	NA	NA	118-1	6	39	7	34	7	40	4	33	3	29	7	26	7	41	3	28	4	34	4	23	5.2	32.7	1155.44	7265.9400000000005	0.13720316622691292	8421.380000000001	NA	NA	879WKG	2-2	FP	kaal	hook	NA	NA	NA	hook	KH	H	KH x H
P	F	2018-08-29	892-3 x 879 10-1 ID 1	892WKG	3	879WKG	10-1 ID 1	879 2-2  3/25/14 C1	NA	NA	NA	NA	123-3	3	2	1	6	0	2	4	4	2	2	2	7	1	4	3	8	1	6	4	10	2.1	5.1	466.62	1133.2199999999998	0.29166666666666674	1599.8399999999997	NA	NA	879WKG	2-2  3/25/14 C1	FP	kaal	hook	NA	NA	NA	hook	KH	H	KH x H
P	F	2018-07-10	892-3 x 879 10-1 ID 1	892WKG	3	879WKG	10-1 ID 1	879 G-2	NA	NA	NA	NA	124-2	5	8	10	12	6	17	3	19	7	27	6	16	5	19	3	15	6	21	3	15	5.4	16.9	1199.88	3755.1799999999994	0.24215246636771307	4955.0599999999995	NA	NA	879WKG	G-2	FP	kaal	hook	NA	NA	NA	hook	KH	H	KH x H
P	F	2018-08-20	892-3 x 879 10-1 ID 1	892WKG	3	879WKG	10-1 ID 1	892-10	NA	NA	NA	NA	125-1	0	5	0	6	0	6	0	3	0	0	0	2	0	7	0	2	0	2	0	0	0	3.3	0	733.26	0	733.26	NA	NA	892WKG	10	FP	kaal	hook	NA	NA	NA	kaal	KH	K	KH x K
P	F	2018-07-11	892-3 x 879 2-2 ID 1	892WKG	3	879WKG	2-2 ID 1	879 10-1	NA	NA	NA	NA	129-1	26	30	18	22	21	16	33	30	15	15	23	28	25	36	32	25	24	26	21	32	23.8	26	5288.360000000001	5777.200000000001	0.4779116465863454	11065.560000000001	NA	NA	879WKG	10-1	FP	kaal	hook	NA	NA	NA	hook	KH	H	KH x H
P	F	2018-07-27	892-3 x 879 2-2 ID 1	892WKG	3	879WKG	2-2 ID 1	892-1	NA	NA	NA	NA	130-1	1	3	4	3	7	4	3	3	3	5	2	6	7	7	4	7	4	3	6	5	4.1	4.6	911.0199999999999	1022.1199999999999	0.47126436781609193	1933.1399999999999	NA	NA	892WKG	1	FP	kaal	hook	NA	NA	NA	kaal	KH	K	KH x K
P	F	2018-07-11	892-4 x 879 G-2 ID 2	892WKG	4	879WKG	G-2 ID 2	879 10-1	NA	NA	NA	NA	136-4	31	9	32	13	32	18	41	15	26	15	24	7	36	12	48	9	23	6	31	13	32.4	11.7	7199.28	2599.74	0.7346938775510203	9799.02	NA	NA	879WKG	10-1	FP	kaal	hook	NA	NA	NA	hook	KH	H	KH x H
P	F	2018-08-16	904-2 x 879 10-1 ID 4	904WPG	2	879WKG	10-1 ID 4	904-5 9/14/15	NA	NA	NA	NA	146-1	29	14	24	19	36	11	31	16	24	12	22	7	30	6	25	12	29	11	25	12	27.5	12	6110.5	2666.3999999999996	0.6962025316455697	8776.9	NA	NA	904WPG	5 9/14/15	FP	kaal	hook	NA	NA	NA	kaal	KH	K	KH x K
P	F	2018-08-15	3587-7 x 879 10-1 ID 1	3587WP	7	879WKG	10-1 ID 1	3587-A	NA	NA	NA	NA	15-1	15	13	18	8	28	20	28	23	15	10	17	14	18	17	20	16	21	19	8	15	18.8	15.5	4177.36	3444.0999999999995	0.5481049562682216	7621.459999999999	NA	NA	3587WP	A	FP	kaal	hook	NA	NA	NA	kaal	KH	K	KH x K
P	F	2018-07-30	904-2 x 879 G-2 ID 3	904WPG	2	879WKG	G-2 ID 3	879 10-1	NA	NA	NA	NA	151-1	1	1	3	3	3	4	4	4	0	2	1	3	2	4	4	4	2	1	5	4	2.5	3	555.5	666.5999999999999	0.4545454545454546	1222.1	NA	NA	879WKG	10-1	FP	kaal	hook	NA	NA	NA	hook	KH	H	KH x H
P	F	2018-08-13	904-2 x 879 G-2 ID 3	904WPG	2	879WKG	G-2 ID 3	904-5 9/14/15	NA	NA	NA	NA	152-2	33	4	39	3	50	12	44	6	46	14	52	18	54	16	48	9	52	11	49	8	46.7	10.1	10376.74	2244.22	0.8221830985915494	12620.96	NA	NA	904WPG	5 9/14/15	FP	kaal	hook	NA	NA	NA	kaal	KH	K	KH x K
P	F	2018-07-02	904-2 x 879 G-2 ID 3	904WPG	2	879WKG	G-2 ID 3	904-5 9/14/15	NA	NA	NA	NA	152-3	0	4	1	9	1	7	2	4	0	4	0	6	1	10	0	7	1	5	3	6	0.9	6.2	199.97999999999996	1377.6399999999999	0.1267605633802817	1577.62	NA	NA	904WPG	5 9/14/15	FP	kaal	hook	NA	NA	NA	kaal	KH	K	KH x K
P	F	2018-07-23	904-3 x 879 10-1 ID 2	904WPG	3	879WKG	10-1 ID 2	879 2-2	NA	NA	NA	NA	157-6	12	7	3	6	9	16	12	9	4	8	10	15	9	15	14	10	5	8	10	16	8.8	11	1955.3600000000001	2444.2	0.44444444444444453	4399.5599999999995	NA	NA	879WKG	2-2	FP	kaal	hook	NA	NA	NA	hook	KH	H	KH x H
P	F	2018-07-11	904-3 x 879 G-2 ID 3	904WPG	3	879WKG	G-2 ID 3	879 10-1	NA	NA	NA	NA	161-2	24	28	24	26	21	24	19	18	11	19	19	21	22	24	10	9	19	19	13	18	18.2	20.6	4044.0399999999995	4577.32	0.4690721649484536	8621.359999999999	NA	NA	879WKG	10-1	FP	kaal	hook	NA	NA	NA	hook	KH	H	KH x H
P	F	2018-07-13	904-3 x 879 G-2 ID 3	904WPG	3	879WKG	G-2 ID 3	904-5 9/14/15	NA	NA	NA	NA	163-2	17	17	14	16	13	17	22	15	12	13	8	15	13	14	15	17	22	20	16	22	15.2	16.6	3377.4399999999996	3688.5199999999995	0.4779874213836478	7065.959999999999	NA	NA	904WPG	5 9/14/15	FP	kaal	hook	NA	NA	NA	kaal	KH	K	KH x K
P	F	2018-08-23	904-3 x 879 H-2 ID 4	904WPG	3	879WKG	H-2 ID 4	879 10-1	NA	NA	NA	NA	164-1	15	3	19	14	17	7	24	9	12	6	16	12	19	11	16	5	17	8	8	4	16.3	7.9	3621.8600000000006	1755.3799999999999	0.6735537190082644	5377.240000000001	NA	NA	879WKG	10-1	FP	kaal	hook	NA	NA	NA	hook	KH	H	KH x H
P	F	2018-08-09	3587-7 x 879 10-1 ID 1	3587WP	7	879WKG	10-1 ID 1	879 2-2	NA	NA	NA	NA	17-3	14	15	22	8	30	9	19	14	23	14	21	13	25	15	24	14	18	12	17	5	21.3	11.9	4732.86	2644.1800000000003	0.641566265060241	7377.04	NA	NA	879WKG	2-2	FP	kaal	hook	NA	NA	NA	hook	KH	H	KH x H
P	F	2018-08-31	904-5 x 879 10-1 ID 1	904WPG	5	879WKG	10-1 ID 1	879 2-2	NA	NA	NA	NA	174-3	9	26	16	12	10	19	12	25	3	17	9	20	15	28	14	23	24	22	12	21	12.4	21.3	2755.2799999999997	4732.86	0.36795252225519287	7488.139999999999	NA	NA	879WKG	2-2	FP	kaal	hook	NA	NA	NA	hook	KH	H	KH x H
P	F	2018-08-28	904-5 x 879 10-1 ID 1	904WPG	5	879WKG	10-1 ID 1	879 G-2	NA	NA	NA	NA	175-2	8	8	13	9	11	7	16	4	16	7	9	12	16	12	8	9	15	5	6	2	11.8	7.5	2621.96	1666.5	0.6113989637305699	4288.46	NA	NA	879WKG	G-2	FP	kaal	hook	NA	NA	NA	hook	KH	H	KH x H
P	F	2018-07-30	904-5 x 879 10-1 ID 1	904WPG	5	879WKG	10-1 ID 1	904-2	NA	NA	NA	NA	176-3	23	19	26	13	27	13	25	10	22	12	19	8	48	13	28	19	35	16	36	15	28.9	13.8	6421.579999999999	3066.36	0.6768149882903981	9487.939999999999	NA	NA	904WPG	2	FP	kaal	hook	NA	NA	NA	kaal	KH	K	KH x K
P	F	2018-07-25	904-5 x 879 G-2 ID 3	904WPG	5	879WKG	G-2 ID 3	879 10-1	NA	NA	NA	NA	178-1	2	2	1	10	0	6	1	12	0	11	2	12	2	9	1	15	6	8	1	6	1.6	9.1	355.52	2022.0199999999998	0.14953271028037382	2377.54	NA	NA	879WKG	10-1	FP	kaal	hook	NA	NA	NA	hook	KH	H	KH x H
P	F	2018-07-25	904-5 x 879 G-2 ID 3	904WPG	5	879WKG	G-2 ID 3	904-2	NA	NA	NA	NA	179-3	4	32	5	42	5	43	2	48	1	30	3	34	1	23	2	34	4	27	2	26	2.9	33.9	644.38	7532.579999999999	0.07880434782608696	8176.959999999999	NA	NA	904WPG	2	FP	kaal	hook	NA	NA	NA	kaal	KH	K	KH x K
P	F	2018-08-29	3587-A x 879 10-1 ID 1	3587WP	A	879WKG	10-1 ID 1	3587-12 4/3/13	NA	NA	NA	NA	24-2	10	16	11	15	15	25	15	20	12	15	9	19	19	23	12	10	13	17	9	28	12.5	18.8	2777.5	4177.36	0.3993610223642173	6954.86	NA	NA	3587WP	12 4/3/13	FP	kaal	hook	NA	NA	NA	kaal	KH	K	KH x K
P	F	2018-07-30	3587-A x 879 10-1 ID 1	3587WP	A	879WKG	10-1 ID 1	879 2-2	NA	NA	NA	NA	27-2	66	27	31	17	41	37	40	41	48	26	55	41	60	44	67	50	69	38	53	31	53	35.2	11776.599999999999	7821.4400000000005	0.600907029478458	19598.04	NA	NA	879WKG	2-2	FP	kaal	hook	NA	NA	NA	hook	KH	H	KH x H
P	F	2018-07-03	3587-A x 879 G-2 ID 2	3587WP	A	879WKG	G-2 ID 2	879 2-2	NA	NA	NA	NA	30-1	4	29	9	19	6	24	9	28	14	28	9	22	12	19	16	33	5	27	9	34	9.3	26.3	2066.46	5843.86	0.2612359550561798	7910.32	NA	NA	879WKG	2-2	FP	kaal	hook	NA	NA	NA	hook	KH	H	KH x H
P	F	2018-08-30	879 10-1 x 892-1 ID 1	879WKG	10-1	892WKG	1 ID 1	879 2-2	NA	NA	NA	NA	48-2	29	24	31	23	43	35	40	30	33	22	36	28	29	23	25	13	37	25	31	22	33.4	24.5	7421.48	5443.9	0.5768566493955095	12865.38	NA	NA	879WKG	2-2	FP	hook	kaal	NA	NA	NA	hook	HK	H	HK x H
P	F	2018-08-13	879 10-1 x 892-1 ID 1	879WKG	10-1	892WKG	1 ID 1	892-4	NA	NA	NA	NA	50-1	17	23	13	15	18	26	18	27	20	19	19	22	17	28	23	18	16	29	15	21	17.6	22.8	3910.7200000000003	5066.16	0.43564356435643564	8976.880000000001	NA	NA	892WKG	4	FP	hook	kaal	NA	NA	NA	kaal	HK	K	HK x K
P	F	2018-07-18	879 10-1 x 892-3 ID 9	879WKG	10-1	892WKG	3 ID 9	879 2-2	NA	NA	NA	NA	53-1	31	49	35	57	40	31	33	49	24	25	19	29	35	39	32	37	28	46	29	28	30.6	39	6799.32	8665.8	0.4396551724137931	15465.119999999999	NA	NA	879WKG	2-2	FP	hook	kaal	NA	NA	NA	hook	HK	H	HK x H
P	F	2018-07-10	879 10-1 x 892-3 ID 9	879WKG	10-1	892WKG	3 ID 9	892-1	NA	NA	NA	NA	55-9	28	22	13	13	17	18	25	19	15	19	18	23	22	19	16	19	21	24	8	16	18.3	19.2	4066.2599999999998	4266.24	0.488	8332.5	NA	NA	892WKG	1	FP	hook	kaal	NA	NA	NA	kaal	HK	K	HK x K
P	F	2018-08-30	879 10-1 x 904-3 ID 1	879WKG	10-1	904WPG	3 ID 1	879 2-2	NA	NA	NA	NA	57-1	0	2	0	5	4	4	0	1	1	4	1	4	3	2	1	1	1	6	2	1	1.3	3	288.86	666.5999999999999	0.3023255813953489	955.4599999999999	NA	NA	879WKG	2-2	FP	hook	kaal	NA	NA	NA	hook	HK	H	HK x H
P	F	2018-07-16	879 10-1 x 904-5 ID 4	879WKG	10-1	904WPG	5 ID 4	879 2-2	NA	NA	NA	NA	60-8	29	12	24	14	18	11	29	18	28	22	37	12	25	18	27	20	24	18	28	17	26.9	16.2	5977.179999999999	3599.64	0.6241299303944315	9576.82	NA	NA	879WKG	2-2	FP	hook	kaal	NA	NA	NA	hook	HK	H	HK x H
P	F	2018-08-13	3587-14 x 879 10-1 ID 2	3587WP	14	879WKG	10-1 ID 2	3587-A	NA	NA	NA	NA	6-10	9	9	9	10	8	6	9	10	4	8	6	7	8	7	8	6	7	9	9	11	7.7	8.3	1710.94	1844.2599999999998	0.48125000000000007	3555.2	NA	NA	3587WP	A	FP	kaal	hook	NA	NA	NA	kaal	KH	K	KH x K
P	F	2018-08-20	879 2-2 x 892-10 ID 1	879WKG	2-2	892WKG	10 ID 1	879 10-1	NA	NA	NA	NA	77-7	8	15	4	6	5	7	5	8	4	7	8	10	12	11	4	8	10	9	10	9	7	9	1555.3999999999999	1999.8	0.4375	3555.2	NA	NA	879WKG	10-1	FP	hook	kaal	NA	NA	NA	hook	HK	H	HK x H
P	F	2018-07-18	879 2-2 x 892-10 ID 1	879WKG	2-2	892WKG	10 ID 1	892-4	NA	NA	NA	NA	80-7	17	43	12	41	8	49	15	47	9	41	8	30	11	50	12	47	12	50	12	38	11.6	43.6	2577.52	9687.92	0.21014492753623187	12265.44	NA	NA	892WKG	4	FP	hook	kaal	NA	NA	NA	kaal	HK	K	HK x K
P	F	2018-08-06	879 2-2 x 892-4 ID 8	879WKG	2-2	892WKG	4 ID 8	879 10-1	NA	NA	NA	NA	82-5	16	14	25	21	29	20	20	25	22	22	18	13	31	17	16	17	27	18	28	18	23.2	18.5	5155.04	4110.7	0.5563549160671463	9265.74	NA	NA	879WKG	10-1	FP	hook	kaal	NA	NA	NA	hook	HK	H	HK x H
P	F	2018-08-28	879 2-2 x 892-4 ID 8	879WKG	2-2	892WKG	4 ID 8	892-5	NA	NA	NA	NA	84-1	0	17	0	3	6	12	1	4	0	1	0	6	0	2	0	4	1	8	0	9	0.8	6.6	177.76	1466.52	0.1081081081081081	1644.28	NA	NA	892WKG	5	FP	hook	kaal	NA	NA	NA	kaal	HK	K	HK x K
P	F	2018-08-30	879 2-2 x 904-3 ID 11	879WKG	2-2	904WPG	3 ID 11	879 G-2	NA	NA	NA	NA	86-10	12	21	27	27	20	23	24	30	25	30	21	27	42	35	25	39	26	29	28	21	25	28.2	5555	6266.040000000001	0.46992481203007513	11821.04	NA	NA	879WKG	G-2	FP	hook	kaal	NA	NA	NA	hook	HK	H	HK x H
P	F	2018-08-08	879 G-2 x 904-3 ID 5	879WKG	G-2	904WPG	3 ID 5	879 2-2	NA	NA	NA	NA	94-4	39	17	20	14	33	12	33	10	38	15	37	13	43	12	38	14	39	20	44	17	36.4	14.4	8088.079999999999	3199.6799999999994	0.7165354330708662	11287.759999999998	NA	NA	879WKG	2-2	FP	hook	kaal	NA	NA	NA	hook	HK	H	HK x H
P	F	2018-07-11	879 G-2 x 904-3 ID 5	879WKG	G-2	904WPG	3 ID 5	904-5	NA	NA	NA	NA	97-4	34	28	30	29	22	29	34	38	27	32	26	19	24	17	33	27	27	20	14	15	27.1	25.4	6021.620000000001	5643.879999999999	0.5161904761904763	11665.5	NA	NA	904WPG	5	FP	hook	kaal	NA	NA	NA	kaal	HK	K	HK x K
P	F	2018-09-06	879 10-1 x 904-5 ID 4	879WKG	10-1	904WPG	5 ID 4	904-3	NA	NA	NA	NA	62-1	5	45	0	44	0	55	2	51	1	65	2	53	2	54	4	52	4	46	2	60	2.2	52.5	488.84000000000003	11665.5	0.04021937842778794	12154.34	NA	NA	904WPG	3	FP	hook	kaal	NA	NA	NA	kaal	HK	K	HK x K
P	F	2018-09-06	3587-A x 879 G-2 ID 2	3587WP	A	879WKG	G-2 ID 2	3587-7	NA	NA	NA	NA	29-6	38	34	24	30	38	42	34	37	23	29	28	26	36	36	31	37	34	41	14	40	30	35.2	6666	7821.4400000000005	0.4601226993865031	14487.44	NA	NA	3587WP	7	FP	kaal	hook	NA	NA	NA	kaal	KH	K	KH x K
P	F	2019-10-07	892-1 x 879 2-2 ID 1	892WKG	1	879WKG	2-2 ID 1	892-10 4/3/13	NA	NA	NA	NA	113-2	32	10	38	17	31	8	38	6	39	6	33	7	38	6	30	10	32	6	48	9	35.9	8.5	7976.98	1888.6999999999998	0.8085585585585585	9865.68	NA	NA	892WKG	10 4/3/13	FP	kaal	hook	NA	NA	NA	kaal	KH	K	KH x K
P	F	2019-10-07	892-3 x 879 10-1 ID 1	892WKG	3	879WKG	10-1 ID 1	879 2-2  3/25/14 C1	NA	NA	NA	NA	123-1	37	19	27	19	25	11	81	53	29	20	21	11	20	10	30	20	28	12	24	24	32.2	19.9	7154.84	4421.78	0.618042226487524	11576.619999999999	NA	NA	879WKG	2-2  3/25/14 C1	FP	kaal	hook	NA	NA	NA	hook	KH	H	KH x H
P	F	2019-10-09	904-5 x 879 10-1 ID 1	904WPG	5	879WKG	10-1 ID 1	904-2	NA	NA	NA	NA	176-1	24	58	30	53	11	44	22	46	13	54	21	43	17	43	12	50	15	38	19	47	18.4	47.6	4088.4799999999996	10576.720000000001	0.27878787878787875	14665.2	NA	NA	904WPG	2	FP	kaal	hook	NA	NA	NA	kaal	KH	K	KH x K
P	F	2019-10-09	904-5 x 879 G-2 ID 3	904WPG	5	879WKG	G-2 ID 3	904-2	NA	NA	NA	NA	179-1	15	22	13	26	10	11	17	36	15	15	10	12	18	24	25	24	22	26	15	25	16	22.1	3555.2	4910.62	0.4199475065616798	8465.82	NA	NA	904WPG	2	FP	kaal	hook	NA	NA	NA	kaal	KH	K	KH x K
P	F	NA	879 2-2 x 904-3 ID 11	879WKG	2-2	904WPG	3 ID 11	879 G-2	NA	NA	NA	NA	86-1	41	8	35	5	41	4	36	4	43	4	32	2	42	5	43	0	28	3	40	5	38.1	4	8465.82	888.8	0.9049881235154394	9354.619999999999	NA	NA	879WKG	G-2	FP	hook	kaal	NA	NA	NA	hook	HK	H	HK x H
