set	id	date	cell	fullcross	mompop	momid	dadpop	dadid	V1	I1	V2	I2	V3	I3	V4	I4	V5	I5	V6	I6	V7	I7	V8	I8	V9	I9	V10	I10	crosstype	comments	v	i	vpf	ipf	vp	tpf	momsp	dadsp	cross	sxc	sxcxm	mompid	smompop
2	6	2015-10-19	3	879 2-2 x 892-4	879WKG	2-2	892WKG	4	30	28	24	42	26	33	30	28	24	37	26	35	37	45	40	43	38	25	33	57	hybrid	NA	30.8	37.3	6843.76	8288.06	0.4522760646108664	15131.82	hook	kaal	HK	hook.hybrid	hook.hybrid.879.2-2	879.2-2	hook879
2	8	2016-08-17	8	879 2-2 x 892-4	879WKG	2-2	892WKG	4	17	54	2	29	9	43	10	50	10	41	14	43	7	54	14	59	14	50	12	54	hybrid	NA	10.9	47.7	2421.98	10598.94	0.18600682593856654	13020.92	hook	kaal	HK	hook.hybrid	hook.hybrid.879.2-2	879.2-2	hook879
2	12	2016-08-09	2	879 2-2 x 892-4	879WKG	2-2	892WKG	4	13	40	20	27	5	23	6	37	12	36	7	49	7	42	8	44	8	37	14	44	hybrid	NA	10	37.9	2222	8421.38	0.20876826722338207	10643.38	hook	kaal	HK	hook.hybrid	hook.hybrid.879.2-2	879.2-2	hook879
2	2	2015-10-13	5	879 2-2 x 892-10	879WKG	2-2	892WKG	10	16	43	18	46	17	57	21	36	13	57	13	39	22	55	15	47	23	65	14	37	hybrid	NA	17.2	48.2	3821.8399999999997	10710.04	0.2629969418960244	14531.880000000001	hook	kaal	HK	hook.hybrid	hook.hybrid.879.2-2	879.2-2	hook879
2	6	2016-08-09	3	879 2-2 x 892-10	879WKG	2-2	892WKG	10	20	36	11	35	12	34	24	47	10	32	12	21	13	37	8	27	26	43	12	39	hybrid	NA	14.8	35.1	3288.56	7799.22	0.29659318637274545	11087.78	hook	kaal	HK	hook.hybrid	hook.hybrid.879.2-2	879.2-2	hook879
2	7	2016-08-12	1	879 2-2 x 892-10	879WKG	2-2	892WKG	10	3	42	6	31	0	33	6	23	4	35	5	26	1	33	2	29	1	32	2	33	hybrid	NA	3	31.7	666.5999999999999	7043.74	0.08645533141210374	7710.34	hook	kaal	HK	hook.hybrid	hook.hybrid.879.2-2	879.2-2	hook879
2	10	2015-10-12	3	879 2-2 x 892-10	879WKG	2-2	892WKG	10	26	35	21	35	24	21	30	44	19	30	30	28	31	25	15	46	24	42	33	37	hybrid	NA	25.3	34.3	5621.66	7621.459999999999	0.42449664429530204	13243.119999999999	hook	kaal	HK	hook.hybrid	hook.hybrid.879.2-2	879.2-2	hook879
2	10	2015-11-03	3	879 2-2 x 892-10	879WKG	2-2	892WKG	10	26	43	50	37	24	27	49	37	40	32	41	28	31	31	30	30	44	57	50	49	hybrid	NA	38.5	37.1	8554.699999999999	8243.62	0.5092592592592592	16798.32	hook	kaal	HK	hook.hybrid	hook.hybrid.879.2-2	879.2-2	hook879
2	16	2015-10-12	4	879 2-2 x 892-10	879WKG	2-2	892WKG	10	24	62	18	71	12	59	15	53	9	27	19	47	15	43	24	40	7	53	14	47	hybrid	NA	15.7	50.2	3488.539999999999	11154.439999999999	0.23823975720789073	14642.979999999998	hook	kaal	HK	hook.hybrid	hook.hybrid.879.2-2	879.2-2	hook879
NA	20	2015-10-16	NA	879 2-2 x 892-10	879WKG	2-2	892WKG	10	5	42	6	68	4	36	5	55	5	48	5	50	2	60	6	42	4	69	7	59	hybrid	NA	4.9	52.9	1088.78	11754.38	0.0847750865051903	12843.16	hook	kaal	HK	hook.hybrid	hook.hybrid.879.2-2	879.2-2	hook879
2	1	2016-09-02	1	879 2-2 x 904-3	879WKG	2-2	904WPG	3	15	8	17	21	9	11	17	34	30	27	28	33	32	33	27	28	24	21	30	25	hybrid	NA	22.9	24.1	5088.379999999999	5355.02	0.4872340425531914	10443.4	hook	kaal	HK	hook.hybrid	hook.hybrid.879.2-2	879.2-2	hook879
1	6	2015-10-21	1	879 2-2 x 904-3	879WKG	2-2	904WPG	3	7	48	8	59	2	38	8	66	4	53	4	58	7	59	4	60	7	65	12	53	hybrid	NA	6.3	55.9	1399.86	12420.98	0.1012861736334405	13820.84	hook	kaal	HK	hook.hybrid	hook.hybrid.879.2-2	879.2-2	hook879
2	1	2015-11-03	5	879 2-2 x 904-5	879WKG	2-2	904WPG	5	19	24	33	38	31	27	50	28	27	34	38	34	17	30	28	26	19	30	28	34	hybrid	NA	29	30.5	6443.799999999999	6777.0999999999995	0.4873949579831933	13220.899999999998	hook	kaal	HK	hook.hybrid	hook.hybrid.879.2-2	879.2-2	hook879
2	3	2016-08-23	4	879 2-2 x 904-5	879WKG	2-2	904WPG	5	37	56	40	48	29	63	49	40	27	43	21	33	32	38	35	43	31	29	22	18	hybrid	NA	32.3	41.1	7177.0599999999995	9132.42	0.44005449591280654	16309.48	hook	kaal	HK	hook.hybrid	hook.hybrid.879.2-2	879.2-2	hook879
2	5	2015-10-19	2	879 2-2 x 904-5	879WKG	2-2	904WPG	5	7	79	3	78	5	78	3	67	2	42	2	42	4	70	6	79	3	67	2	61	hybrid	NA	3.7	66.3	822.14	14731.859999999999	0.05285714285714286	15553.999999999998	hook	kaal	HK	hook.hybrid	hook.hybrid.879.2-2	879.2-2	hook879
2	1	2016-07-21	1	879 10-1 x 892-1	879WKG	10-1	892WKG	1	15	49	14	34	15	35	15	33	18	35	14	46	12	32	18	44	11	29	13	41	hybrid	NA	14.5	37.8	3221.8999999999996	8399.159999999998	0.2772466539196941	11621.059999999998	hook	kaal	HK	hook.hybrid	hook.hybrid.879.10-1	879.10-1	hook879
2	2	2015-11-05	1	879 10-1 x 892-1	879WKG	10-1	892WKG	1	29	25	43	26	36	19	28	14	26	20	38	21	24	18	43	24	22	14	22	17	hybrid	NA	31.1	19.8	6910.42	4399.5599999999995	0.6110019646365422	11309.98	hook	kaal	HK	hook.hybrid	hook.hybrid.879.10-1	879.10-1	hook879
2	8	2016-07-21	2	879 10-1 x 892-1	879WKG	10-1	892WKG	1	24	26	36	28	41	31	34	21	24	41	49	31	30	34	37	27	42	39	40	34	hybrid	NA	35.7	31.2	7932.54	6932.639999999999	0.5336322869955157	14865.18	hook	kaal	HK	hook.hybrid	hook.hybrid.879.10-1	879.10-1	hook879
2	9	2015-10-09	3	879 10-1 x 892-1	879WKG	10-1	892WKG	1	12	19	9	34	20	34	15	31	10	28	15	33	15	33	9	29	12	28	8	36	hybrid	NA	12.5	30.5	2777.5	6777.0999999999995	0.29069767441860467	9554.599999999999	hook	kaal	HK	hook.hybrid	hook.hybrid.879.10-1	879.10-1	hook879
2	10	2015-10-09	4	879 10-1 x 892-1	879WKG	10-1	892WKG	1	8	52	2	45	1	30	2	18	5	51	2	51	3	50	4	43	2	44	3	50	hybrid	NA	3.2	43.4	711.04	9643.48	0.06866952789699571	10354.52	hook	kaal	HK	hook.hybrid	hook.hybrid.879.10-1	879.10-1	hook879
2	1	2016-08-31	4	879 10-1 x 892-3	879WKG	10-1	892WKG	3	18	16	26	23	21	19	24	25	40	27	29	27	38	26	35	17	26	28	28	26	hybrid	NA	28.5	23.4	6332.7	5199.48	0.5491329479768786	11532.18	hook	kaal	HK	hook.hybrid	hook.hybrid.879.10-1	879.10-1	hook879
2	8	2016-07-21	3	879 10-1 x 892-3	879WKG	10-1	892WKG	3	9	25	20	45	11	41	9	36	18	38	12	27	9	45	9	30	8	42	13	46	hybrid	NA	11.8	37.5	2621.96	8332.5	0.2393509127789047	10954.46	hook	kaal	HK	hook.hybrid	hook.hybrid.879.10-1	879.10-1	hook879
2	9	2016-07-21	4	879 10-1 x 892-3	879WKG	10-1	892WKG	3	37	26	24	18	20	19	25	19	22	22	17	19	16	16	29	25	24	29	33	35	hybrid	NA	24.7	22.8	5488.339999999999	5066.16	0.5199999999999999	10554.5	hook	kaal	HK	hook.hybrid	hook.hybrid.879.10-1	879.10-1	hook879
2	1	2015-10-22	2	879 10-1 x 904-3	879WKG	10-1	904WPG	3	15	40	8	38	11	51	6	38	12	41	7	35	9	52	8	41	5	39	10	30	hybrid	NA	9.1	40.5	2022.0199999999998	8999.1	0.18346774193548385	11021.12	hook	kaal	HK	hook.hybrid	hook.hybrid.879.10-1	879.10-1	hook879
2	2	2016-07-21	5	879 10-1 x 904-3	879WKG	10-1	904WPG	3	20	43	27	48	5	16	25	31	22	27	15	36	14	24	8	29	13	26	12	37	hybrid	NA	16.1	31.7	3577.42	7043.74	0.3368200836820084	10621.16	hook	kaal	HK	hook.hybrid	hook.hybrid.879.10-1	879.10-1	hook879
NA	4	2015-10-23	1	879 10-1 x 904-5	879WKG	10-1	904WPG	5	23	26	15	15	17	19	12	24	22	31	20	44	18	28	24	33	23	34	23	29	hybrid	NA	19.7	28.3	4377.339999999999	6288.26	0.41041666666666665	10665.599999999999	hook	kaal	HK	hook.hybrid	hook.hybrid.879.10-1	879.10-1	hook879
NA	1	2015-10-07	NA	879 G-2 x 904-3	879WKG	G-2	904WPG	3	24	18	25	16	13	23	23	27	19	14	19	26	12	20	16	14	15	9	12	22	hybrid	NA	17.8	18.9	3955.16	4199.579999999999	0.4850136239782017	8154.739999999999	hook	kaal	HK	hook.hybrid	hook.hybrid.879.G-2	879.G-2	hook879
1	3	2015-10-15	5	879 G-2 x 904-3	879WKG	G-2	904WPG	3	12	50	5	45	9	46	10	39	7	37	9	28	10	51	9	50	15	44	9	57	hybrid	NA	9.5	44.7	2110.9	9932.34	0.1752767527675277	12043.24	hook	kaal	HK	hook.hybrid	hook.hybrid.879.G-2	879.G-2	hook879
1	4	2015-10-12	2	879 G-2 x 904-3	879WKG	G-2	904WPG	3	35	18	36	13	31	21	33	25	33	18	58	23	33	19	45	20	36	24	27	20	hybrid	NA	36.7	20.1	8154.74	4466.22	0.6461267605633804	12620.96	hook	kaal	HK	hook.hybrid	hook.hybrid.879.G-2	879.G-2	hook879
NA	5	2015-10-07	NA	879 G-2 x 904-3	879WKG	G-2	904WPG	3	13	25	17	38	13	29	18	41	14	38	15	29	20	28	12	28	13	27	16	27	hybrid	NA	15.1	31	3355.22	6888.199999999999	0.3275488069414317	10243.419999999998	hook	kaal	HK	hook.hybrid	hook.hybrid.879.G-2	879.G-2	hook879
1	6	2015-10-08	NA	879 G-2 x 904-3	879WKG	G-2	904WPG	3	10	21	18	24	23	5	13	21	18	18	17	21	24	28	21	17	13	13	31	23	hybrid	NA	18.8	19.1	4177.36	4244.02	0.49604221635883894	8421.380000000001	hook	kaal	HK	hook.hybrid	hook.hybrid.879.G-2	879.G-2	hook879
1	2	2015-10-15	5	879 G-2 x 904-5	879WKG	G-2	904WPG	5	52	31	63	23	59	27	70	20	53	24	38	28	55	14	28	16	44	18	51	22	hybrid	NA	51.3	22.3	11398.86	4955.0599999999995	0.6970108695652174	16353.92	hook	kaal	HK	hook.hybrid	hook.hybrid.879.G-2	879.G-2	hook879
2	1	2016-08-09	4	892-1 x 879 2-2	892WKG	1	879WKG	2-2	9	43	8	25	15	37	8	33	10	40	6	32	10	27	9	28	6	28	7	18	hybrid	NA	8.8	31.1	1955.3600000000001	6910.42	0.22055137844611528	8865.78	kaal	hook	KH	kaal.hybrid	kaal.hybrid.892.1	892.1	kaal892
2	1	2016-08-09	5	892-3 x 879 10-1	892WKG	3	879WKG	10-1	22	16	12	8	11	15	10	19	17	17	12	16	10	28	20	30	12	19	10	16	hybrid	NA	13.6	18.4	3021.9199999999996	4088.4799999999996	0.425	7110.4	kaal	hook	KH	kaal.hybrid	kaal.hybrid.892.3	892.3	kaal892
2	1	2016-08-09	6	892-3 x 879 2-2	892WKG	3	879WKG	2-2	5	31	14	26	6	32	8	23	6	23	11	32	7	26	12	18	10	12	14	29	hybrid	NA	9.3	25.2	2066.46	5599.44	0.26956521739130435	7665.9	kaal	hook	KH	kaal.hybrid	kaal.hybrid.892.3	892.3	kaal892
2	2	2016-08-09	7	892-3 x 879 2-2	892WKG	3	879WKG	2-2	9	19	11	18	8	23	12	17	11	17	13	26	15	25	9	16	11	27	14	27	hybrid	NA	11.3	21.5	2510.86	4777.3	0.34451219512195125	7288.16	kaal	hook	KH	kaal.hybrid	kaal.hybrid.892.3	892.3	kaal892
2	1	2016-08-31	1	892-4 x 879 G-2	892WKG	4	879WKG	G-2	15	16	22	21	12	15	26	21	16	17	27	19	13	15	22	17	4	6	20	17	hybrid	NA	17.7	16.4	3932.9399999999996	3644.0799999999995	0.5190615835777127	7577.019999999999	kaal	hook	KH	kaal.hybrid	kaal.hybrid.892.4	892.4	kaal892
2	2	2016-08-09	8	892-4 x 879 G-2	892WKG	4	879WKG	G-2	20	17	19	18	14	17	11	16	13	12	17	10	17	14	11	15	9	21	7	15	hybrid	NA	13.8	15.5	3066.36	3444.0999999999995	0.47098976109215024	6510.459999999999	kaal	hook	KH	kaal.hybrid	kaal.hybrid.892.4	892.4	kaal892
2	1	2016-08-12	2	892-10 x 879 10-1	892WKG	10	879WKG	10-1	10	33	8	33	4	35	8	45	10	22	10	26	6	26	11	33	10	20	11	31	hybrid	NA	8.8	30.4	1955.3600000000001	6754.879999999999	0.22448979591836737	8710.24	kaal	hook	KH	kaal.hybrid	kaal.hybrid.892.10	892.10	kaal892
2	2	2016-08-17	7	892-10 x 879 10-1	892WKG	10	879WKG	10-1	9	18	8	22	16	19	10	29	15	15	4	16	12	19	21	28	13	13	14	23	hybrid	NA	12.2	20.2	2710.8399999999992	4488.44	0.37654320987654316	7199.279999999999	kaal	hook	KH	kaal.hybrid	kaal.hybrid.892.10	892.10	kaal892
2	2	2016-08-24	1	904-2 x 879 2-2	904WPG	2	879WKG	2-2	9	36	16	29	13	28	14	29	17	50	13	26	7	21	19	52	12	38	14	58	hybrid	NA	13.4	36.7	2977.48	8154.74	0.26746506986027946	11132.22	kaal	hook	KH	kaal.hybrid	kaal.hybrid.904.2	904.2	kaal904
2	3	2016-08-12	3	904-2 x 879 2-2	904WPG	2	879WKG	2-2	5	38	8	42	7	41	2	27	2	30	10	40	9	50	3	33	5	42	10	44	hybrid	NA	6.1	38.7	1355.4199999999996	8599.14	0.13616071428571425	9954.56	kaal	hook	KH	kaal.hybrid	kaal.hybrid.904.2	904.2	kaal904
2	4	2016-08-12	4	904-2 x 879 2-2	904WPG	2	879WKG	2-2	7	33	14	17	2	24	8	28	8	25	5	24	1	37	4	27	7	20	2	22	hybrid	NA	5.8	25.7	1288.76	5710.54	0.1841269841269841	6999.3	kaal	hook	KH	kaal.hybrid	kaal.hybrid.904.2	904.2	kaal904
2	5	2016-08-12	5	904-2 x 879 2-2	904WPG	2	879WKG	2-2	2	29	4	39	6	34	8	47	11	45	8	32	5	43	7	38	8	49	12	48	hybrid	NA	7.1	40.4	1577.62	8976.88	0.14947368421052631	10554.5	kaal	hook	KH	kaal.hybrid	kaal.hybrid.904.2	904.2	kaal904
2	1	2015-10-13	4	904-2 x 879 10-1	904WPG	2	879WKG	10-1	3	21	1	30	2	19	2	34	2	35	1	29	2	23	4	20	3	22	2	27	hybrid	NA	2.2	26	488.84000000000003	5777.200000000001	0.07801418439716311	6266.040000000001	kaal	hook	KH	kaal.hybrid	kaal.hybrid.904.2	904.2	kaal904
2	3	2015-11-03	4	904-2 x 879 10-1	904WPG	2	879WKG	10-1	22	48	16	41	17	34	18	38	20	26	15	24	20	27	19	26	13	30	17	46	hybrid	NA	17.7	34	3932.9399999999996	7554.799999999999	0.3423597678916828	11487.739999999998	kaal	hook	KH	kaal.hybrid	kaal.hybrid.904.2	904.2	kaal904
2	4	2015-11-05	2	904-2 x 879 10-1	904WPG	2	879WKG	10-1	14	46	8	43	8	28	5	48	9	31	10	42	6	33	5	47	6	30	10	51	hybrid	NA	8.1	39.9	1799.82	8865.779999999999	0.16875	10665.599999999999	kaal	hook	KH	kaal.hybrid	kaal.hybrid.904.2	904.2	kaal904
2	10	2016-08-23	3	904-2 x 879 10-1	904WPG	2	879WKG	10-1	24	20	31	22	15	15	28	9	26	13	28	22	31	18	27	12	23	17	26	15	hybrid	NA	25.9	16.3	5754.98	3621.8600000000006	0.6137440758293838	9376.84	kaal	hook	KH	kaal.hybrid	kaal.hybrid.904.2	904.2	kaal904
2	11	2015-10-08	NA	904-2 x 879 10-1	904WPG	2	879WKG	10-1	3	17	4	30	2	38	2	24	4	34	0	31	6	26	1	27	3	27	7	43	hybrid	NA	3.2	29.7	711.04	6599.34	0.0972644376899696	7310.38	kaal	hook	KH	kaal.hybrid	kaal.hybrid.904.2	904.2	kaal904
2	3	2016-07-28	3	904-2 x 879 G-2	904WPG	2	879WKG	G-2	10	15	13	19	11	15	12	12	13	9	14	22	15	12	9	8	19	12	17	18	hybrid	NA	13.3	14.2	2955.26	3155.24	0.4836363636363637	6110.5	kaal	hook	KH	kaal.hybrid	kaal.hybrid.904.2	904.2	kaal904
2	1	2015-10-08	NA	904-3 x 879 10-1	904WPG	3	879WKG	10-1	9	20	17	16	21	26	9	12	18	25	11	22	8	9	11	17	10	29	24	22	hybrid	NA	13.8	19.8	3066.36	4399.5599999999995	0.41071428571428575	7465.92	kaal	hook	KH	kaal.hybrid	kaal.hybrid.904.3	904.3	kaal904
2	2	2016-07-28	1	904-3 x 879 10-1	904WPG	3	879WKG	10-1	11	6	7	15	11	10	9	15	11	14	10	14	9	9	12	8	8	9	9	10	hybrid	NA	9.7	11	2155.3399999999997	2444.2	0.46859903381642515	4599.539999999999	kaal	hook	KH	kaal.hybrid	kaal.hybrid.904.3	904.3	kaal904
2	1	2015-10-19	1	904-3 x 879 G-2	904WPG	3	879WKG	G-2	15	5	17	16	12	14	21	11	13	14	22	9	14	10	19	9	18	21	11	11	hybrid	NA	16.2	12	3599.64	2666.3999999999996	0.574468085106383	6266.039999999999	kaal	hook	KH	kaal.hybrid	kaal.hybrid.904.3	904.3	kaal904
2	2	2015-10-22	1	904-3 x 879 G-2	904WPG	3	879WKG	G-2	5	41	11	51	17	50	12	52	12	43	15	30	10	29	6	34	7	38	9	30	hybrid	NA	10.4	39.8	2310.88	8843.56	0.2071713147410359	11154.439999999999	kaal	hook	KH	kaal.hybrid	kaal.hybrid.904.3	904.3	kaal904
2	3	2016-08-22	1	904-3 x 879 G-2	904WPG	3	879WKG	G-2	11	22	8	18	18	16	8	17	11	19	7	16	6	11	2	22	7	13	15	13	hybrid	NA	9.3	16.7	2066.46	3710.74	0.3576923076923077	5777.2	kaal	hook	KH	kaal.hybrid	kaal.hybrid.904.3	904.3	kaal904
1	4	2015-10-08	NA	904-3 x 879 G-2	904WPG	3	879WKG	G-2	7	31	14	36	11	39	7	32	11	47	8	35	12	36	5	41	7	31	9	38	hybrid	NA	9.1	36.6	2022.0199999999998	8132.5199999999995	0.19912472647702406	10154.539999999999	kaal	hook	KH	kaal.hybrid	kaal.hybrid.904.3	904.3	kaal904
1	5	2015-11-03	1	904-3 x 879 G-2	904WPG	3	879WKG	G-2	32	24	21	22	27	10	25	23	21	15	23	19	21	18	27	22	29	16	34	20	hybrid	NA	26	18.9	5777.200000000001	4199.579999999999	0.5790645879732741	9976.779999999999	kaal	hook	KH	kaal.hybrid	kaal.hybrid.904.3	904.3	kaal904
2	1	2016-08-09	1	904-3 x 879 H-2	904WPG	3	879WKG	H-2	23	23	10	22	20	21	23	16	10	25	17	26	16	23	13	18	18	18	20	20	hybrid	NA	17	21.2	3777.3999999999996	4710.639999999999	0.44502617801047123	8488.039999999999	kaal	hook	KH	kaal.hybrid	kaal.hybrid.904.3	904.3	kaal904
1	4	2015-10-12	1	904-3 x 879 H-2	904WPG	3	879WKG	H-2	44	14	66	5	41	11	44	20	48	12	43	12	39	17	42	12	48	19	42	9	hybrid	NA	45.7	13.1	10154.54	2910.8199999999997	0.7772108843537415	13065.36	kaal	hook	KH	kaal.hybrid	kaal.hybrid.904.3	904.3	kaal904
NA	5	2015-10-07	NA	904-3 x 879 H-2	904WPG	3	879WKG	H-2	4	29	4	29	9	36	2	24	5	33	4	37	6	29	6	27	10	25	2	33	hybrid	NA	5.2	30.2	1155.44	6710.44	0.14689265536723167	7865.879999999999	kaal	hook	KH	kaal.hybrid	kaal.hybrid.904.3	904.3	kaal904
2	1	2016-07-28	4	904-5 x 879 10-1	904WPG	5	879WKG	10-1	21	30	19	35	10	31	17	39	8	31	8	29	22	36	22	47	24	54	9	35	hybrid	NA	16	36.7	3555.2	8154.74	0.30360531309297917	11709.939999999999	kaal	hook	KH	kaal.hybrid	kaal.hybrid.904.5	904.5	kaal904
2	2	2016-08-23	2	904-5 x 879 10-1	904WPG	5	879WKG	10-1	21	10	10	15	17	13	11	17	10	11	8	19	15	14	7	14	7	14	8	12	hybrid	NA	11.4	13.9	2533.08	3088.58	0.4505928853754941	5621.66	kaal	hook	KH	kaal.hybrid	kaal.hybrid.904.5	904.5	kaal904
2	2	2015-11-05	3	904-5 x 879 G-2	904WPG	5	879WKG	G-2	42	22	25	28	21	22	28	31	21	24	21	21	29	20	23	19	17	19	19	27	hybrid	NA	24.6	23.3	5466.12	5177.26	0.5135699373695197	10643.380000000001	kaal	hook	KH	kaal.hybrid	kaal.hybrid.904.5	904.5	kaal904
2	3	2016-07-28	2	904-5 x 879 G-2	904WPG	5	879WKG	G-2	10	13	16	13	14	14	11	10	7	6	14	16	9	12	13	12	17	12	12	14	hybrid	NA	12.3	12.2	2733.06	2710.8399999999992	0.5020408163265306	5443.9	kaal	hook	KH	kaal.hybrid	kaal.hybrid.904.5	904.5	kaal904
1	8	2015-10-07	NA	904-5 x 879 G-2	904WPG	5	879WKG	G-2	34	24	17	27	32	17	29	29	26	19	31	21	22	22	30	21	34	26	29	26	hybrid	NA	28.4	23.2	6310.48	5155.04	0.5503875968992248	11465.52	kaal	hook	KH	kaal.hybrid	kaal.hybrid.904.5	904.5	kaal904
2	1	2015-11-03	2	3587-A x 879 10-1	3587WP	A	879WKG	10-1	19	25	23	26	19	24	12	14	23	23	16	15	21	18	25	18	31	23	26	23	hybrid	NA	21.5	20.9	4777.3	4643.98	0.5070754716981133	9421.279999999999	kaal	hook	KH	kaal.hybrid	kaal.hybrid.3587.A	3587.A	kaal3587
2	3	2016-08-31	2	3587-A x 879 10-1	3587WP	A	879WKG	10-1	8	16	14	23	10	26	19	20	14	18	8	16	23	29	12	24	16	26	8	30	hybrid	NA	13.2	22.8	2933.04	5066.16	0.3666666666666667	7999.2	kaal	hook	KH	kaal.hybrid	kaal.hybrid.3587.A	3587.A	kaal3587
2	1	2016-07-28	5	3587-A x 879 G-2	3587WP	A	879WKG	G-2	14	23	14	21	22	23	32	26	19	24	20	21	12	14	12	19	12	13	22	22	hybrid	NA	17.9	20.6	3977.379999999999	4577.32	0.4649350649350649	8554.699999999999	kaal	hook	KH	kaal.hybrid	kaal.hybrid.3587.A	3587.A	kaal3587
2	2	2016-08-17	1	3587-A x 879 G-2	3587WP	A	879WKG	G-2	20	24	27	17	13	6	28	16	14	6	21	29	27	23	20	15	24	21	23	23	hybrid	NA	21.7	18	4821.74	3999.6	0.5465994962216625	8821.34	kaal	hook	KH	kaal.hybrid	kaal.hybrid.3587.A	3587.A	kaal3587
2	1	2016-08-17	6	3587-7 x 879 10-1	3587WP	7	879WKG	10-1	37	23	31	20	33	27	31	23	36	23	33	26	37	21	51	33	41	30	34	26	hybrid	NA	36.4	25.2	8088.079999999999	5599.44	0.5909090909090909	13687.519999999999	kaal	hook	KH	kaal.hybrid	kaal.hybrid.3587.7	3587.7	kaal3587
2	2	2016-08-31	3	3587-7 x 879 10-1	3587WP	7	879WKG	10-1	3	36	1	39	2	34	1	38	3	49	2	33	0	46	1	31	2	22	3	37	hybrid	NA	1.8	36.5	399.9599999999999	8110.299999999999	0.04699738903394256	8510.259999999998	kaal	hook	KH	kaal.hybrid	kaal.hybrid.3587.7	3587.7	kaal3587
2	4	2016-08-17	2	3587-7 x 879 G-2	3587WP	7	879WKG	G-2	12	8	10	6	16	22	26	15	19	21	11	11	23	24	20	15	31	19	25	15	hybrid	NA	19.3	15.6	4288.46	3466.3199999999997	0.5530085959885387	7754.78	kaal	hook	KH	kaal.hybrid	kaal.hybrid.3587.7	3587.7	kaal3587
2	5	2016-08-23	1	3587-7 x 879 G-2	3587WP	7	879WKG	G-2	6	18	13	15	10	11	21	15	16	17	19	22	19	18	24	23	18	20	19	31	hybrid	NA	16.5	19	3666.3	4221.8	0.4647887323943662	7888.1	kaal	hook	KH	kaal.hybrid	kaal.hybrid.3587.7	3587.7	kaal3587
1	1	2015-10-08	NA	3587-7 x 879 H-2	3587WP	7	879WKG	H-2	22	24	31	31	28	17	18	23	17	33	29	19	18	21	30	17	27	16	23	23	hybrid	NA	24.3	22.4	5399.46	4977.28	0.5203426124197003	10376.74	kaal	hook	KH	kaal.hybrid	kaal.hybrid.3587.7	3587.7	kaal3587
2	1	2016-08-17	3	3587-14 x 879 10-1	3587WP	14	879WKG	10-1	34	29	39	27	31	14	29	21	29	27	30	20	30	22	25	13	33	30	22	22	hybrid	NA	30.2	22.5	6710.44	4999.5	0.5730550284629982	11709.939999999999	kaal	hook	KH	kaal.hybrid	kaal.hybrid.3587.14	3587.14	kaal3587
2	2	2015-10-13	4	3587-14 x 879 10-1	3587WP	14	879WKG	10-1	20	20	22	22	53	36	31	22	28	18	29	16	31	37	33	27	35	17	31	30	hybrid	NA	31.3	24.5	6954.86	5443.9	0.5609318996415771	12398.759999999998	kaal	hook	KH	kaal.hybrid	kaal.hybrid.3587.14	3587.14	kaal3587
2	3	2016-08-17	4	3587-14 x 879 10-1	3587WP	14	879WKG	10-1	7	13	13	24	11	16	13	34	8	24	17	23	23	32	17	39	16	35	7	29	hybrid	NA	13.2	26.9	2933.04	5977.179999999999	0.3291770573566085	8910.22	kaal	hook	KH	kaal.hybrid	kaal.hybrid.3587.14	3587.14	kaal3587
2	4	2015-11-10	1	3587-14 x 879 10-1	3587WP	14	879WKG	10-1	22	16	43	11	25	16	25	17	35	12	34	11	27	10	30	15	27	11	28	15	hybrid	NA	29.6	13.4	6577.12	2977.48	0.6883720930232557	9554.6	kaal	hook	KH	kaal.hybrid	kaal.hybrid.3587.14	3587.14	kaal3587
2	1	2016-08-17	5	3587-14 x 879 G-2	3587WP	14	879WKG	G-2	40	17	26	16	26	19	29	12	18	19	17	11	25	16	24	13	29	14	21	12	hybrid	NA	25.5	14.9	5666.0999999999985	3310.7799999999997	0.6311881188118812	8976.879999999997	kaal	hook	KH	kaal.hybrid	kaal.hybrid.3587.14	3587.14	kaal3587
3	211-1	2016-10-31	3	3587-14 x 866-2c1	3587WP	14	WK	2c1	46	17	43	11	47	15	34	6	37	7	46	8	45	19	54	13	40	18	35	11	hybrid	NA	42.7	12.5	9487.94	2777.5	0.7735507246376812	12265.44	kaal	hook	KH	kaal.hybrid	kaal.hybrid.3587.14	3587.14	kaal3587
3	234-1	2017-03-10	2	3587-15 x 892-4	3587WP	15	892WKG	4	75	1	54	2	51	0	61	4	35	0	58	2	69	3	44	0	30	1	45	0	between	JP: fixed crosstype from hybrid to between	52.2	1.3	11598.84	288.86	0.9757009345794392	11887.7	kaal	kaal	KK	kaal.between	kaal.between.3587.15	3587.15	kaal3587
3	71-5	2016-11-02	5	794-2 x 3587-7	WK	2	3587WP	7	52	23	34	12	42	11	18	10	33	18	35	17	42	15	36	17	46	20	38	23	hybrid	NA	37.6	16.6	8354.72	3688.5199999999995	0.6937269372693727	12043.239999999998	hook	kaal	HK	hook.hybrid	hook.hybrid.794.2	794.2	hook794
3	71-1	2017-03-10	3	794-2 x 3587-7	WK	2	3587WP	7	26	13	27	8	30	11	36	5	28	10	18	9	23	11	26	12	23	17	22	15	hybrid	NA	25.9	11.1	5754.98	2466.4199999999996	0.7	8221.4	hook	kaal	HK	hook.hybrid	hook.hybrid.794.2	794.2	hook794
3	66-6	2016-10-12	2	794-2 x 892-1	WK	2	892WKG	1	35	17	32	11	33	6	36	18	19	13	35	16	34	13	41	9	44	8	33	9	hybrid	NA	34.2	12	7599.240000000001	2666.3999999999996	0.7402597402597404	10265.64	hook	kaal	HK	hook.hybrid	hook.hybrid.794.2	794.2	hook794
3	66-4	2016-10-12	3	794-2 x 892-1	WK	2	892WKG	1	17	14	26	12	7	7	39	11	8	8	20	18	11	8	12	11	23	11	10	10	hybrid	NA	17.3	11	3844.06	2444.2	0.6113074204946997	6288.26	hook	kaal	HK	hook.hybrid	hook.hybrid.794.2	794.2	hook794
3	66-3	2016-10-12	5	794-2 x 892-1	WK	2	892WKG	1	11	11	16	14	27	21	13	11	34	19	19	24	28	29	28	20	15	17	20	17	hybrid	NA	21.1	18.3	4688.42	4066.2599999999998	0.5355329949238579	8754.68	hook	kaal	HK	hook.hybrid	hook.hybrid.794.2	794.2	hook794
3	69-2	2016-11-07	4	794-2 x 904-3	WK	2	904WPG	3	35	21	47	22	44	16	52	25	23	11	56	16	26	24	69	19	52	14	59	18	hybrid	NA	46.3	18.6	10287.859999999999	4132.92	0.7134052388289677	14420.779999999999	hook	kaal	HK	hook.hybrid	hook.hybrid.794.2	794.2	hook794
3	87-1	2016-10-24	3	794-4 x 3587-14	WK	4	3587WP	14	33	16	46	6	65	14	40	16	35	8	56	14	39	12	56	17	34	16	48	8	hybrid	NA	45.2	12.7	10043.44	2821.9399999999996	0.7806563039723661	12865.380000000001	hook	kaal	HK	hook.hybrid	hook.hybrid.794.4	794.4	hook794
3	81-7	2016-10-21	4	794-4 x 892-3	WK	4	892WKG	3	37	22	18	16	40	21	25	15	35	22	29	29	49	27	40	17	34	20	34	16	hybrid	NA	34.1	20.5	7577.02	4555.0999999999995	0.6245421245421247	12132.119999999999	hook	kaal	HK	hook.hybrid	hook.hybrid.794.4	794.4	hook794
3	84-2	2016-11-14	4	794-4 x 904-2	WK	4	904WPG	2	34	14	45	6	57	11	30	8	48	11	20	6	41	19	46	13	46	10	54	10	hybrid	NA	42.1	10.8	9354.619999999999	2399.76	0.7958412098298676	11754.38	hook	kaal	HK	hook.hybrid	hook.hybrid.794.4	794.4	hook794
3	81-3	2016-11-30	5	794-4 x 904-2	WK	4	904WPG	2	18	11	42	13	29	18	31	17	20	8	22	7	37	14	37	21	15	18	25	15	hybrid	NA	27.6	14.2	6132.72	3155.24	0.660287081339713	9287.96	hook	kaal	HK	hook.hybrid	hook.hybrid.794.4	794.4	hook794
3	99-6	2016-10-11	1	866-2 x 3587-7	WK	2	3587WP	7	31	19	31	13	32	16	32	13	36	11	33	18	28	9	21	10	38	19	32	15	hybrid	NA	31.4	14.3	6977.079999999998	3177.46	0.687089715536105	10154.539999999997	hook	kaal	HK	hook.hybrid	hook.hybrid.866.2	866.2	hook866
3	99-4	2016-10-14	1	866-2 x 3587-7	WK	2	3587WP	7	41	9	30	13	55	22	19	5	44	16	33	10	47	13	27	9	37	6	38	19	hybrid	NA	37.1	12.2	8243.62	2710.8399999999992	0.7525354969574037	10954.46	hook	kaal	HK	hook.hybrid	hook.hybrid.866.2	866.2	hook866
3	95-12	2016-10-14	3	866-2 x 892-4	WK	2	892WKG	4	22	16	16	10	35	11	27	7	31	7	27	13	26	12	26	10	25	10	25	12	hybrid	NA	26	10.8	5777.200000000001	2399.76	0.7065217391304348	8176.960000000001	hook	kaal	HK	hook.hybrid	hook.hybrid.866.2	866.2	hook866
3	95-2	2016-10-24	4	866-2 x 892-4	WK	2	892WKG	4	46	14	43	15	35	13	32	18	30	23	34	20	41	19	44	23	56	23	47	24	hybrid	NA	40.8	19.2	9065.759999999998	4266.24	0.6799999999999999	13331.999999999998	hook	kaal	HK	hook.hybrid	hook.hybrid.866.2	866.2	hook866
3	95-4	2016-10-28	5	866-2 x 892-4	WK	2	892WKG	4	41	18	48	20	21	12	34	16	28	16	59	22	33	26	40	26	26	15	37	13	hybrid	NA	36.7	18.4	8154.74	4088.4799999999996	0.6660617059891107	12243.22	hook	kaal	HK	hook.hybrid	hook.hybrid.866.2	866.2	hook866
3	98-2	2016-10-11	5	866-2 x 904-5	WK	2	904WPG	5	38	19	27	14	35	24	40	15	45	20	34	18	39	22	53	23	53	15	41	20	hybrid	NA	40.5	19	8999.1	4221.8	0.6806722689075629	13220.900000000001	hook	kaal	HK	hook.hybrid	hook.hybrid.866.2	866.2	hook866
3	98-17	2016-10-24	2	866-2 x 904-5	WK	2	904WPG	5	46	21	79	28	75	18	44	14	50	12	24	18	53	29	50	24	54	27	43	16	hybrid	NA	51.8	20.7	11509.96	4599.54	0.7144827586206896	16109.5	hook	kaal	HK	hook.hybrid	hook.hybrid.866.2	866.2	hook866
3	99-1	2016-11-02	2	866-2 x 904-5	WK	2	904WPG	5	57	21	50	12	65	15	63	19	55	17	46	21	31	11	61	22	52	22	51	20	hybrid	NA	53.1	18	11798.82	3999.6	0.7468354430379747	15798.42	hook	kaal	HK	hook.hybrid	hook.hybrid.866.2	866.2	hook866
3	98-5	2016-11-04	4	866-2 x 904-5	WK	2	904WPG	5	54	13	67	15	65	25	45	14	52	15	51	12	44	10	48	14	49	10	59	18	hybrid	NA	53.4	14.6	11865.48	3244.12	0.7852941176470589	15109.599999999999	hook	kaal	HK	hook.hybrid	hook.hybrid.866.2	866.2	hook866
2	3	2016-09-29	1	879 10-1 x 904-3	879WKG	10-1	904WPG	3	40	18	38	19	39	11	44	11	54	18	38	18	80	27	44	19	26	8	46	15	hybrid	NA	44.9	16.4	9976.779999999999	3644.0799999999995	0.732463295269168	13620.859999999999	hook	kaal	HK	hook.hybrid	hook.hybrid.879.10-1	879.10-1	hook879
2	9	2016-10-06	1	879 2-2 x 904-3	879WKG	2-2	904WPG	3	0	92	1	65	0	67	0	63	0	102	3	76	0	77	0	85	0	79	1	64	hybrid	NA	0.5	77	111.1	17109.399999999998	0.006451612903225807	17220.499999999996	hook	kaal	HK	hook.hybrid	hook.hybrid.879.2-2	879.2-2	hook879
2	15	2016-10-06	2	879 2-2 x 904-3	879WKG	2-2	904WPG	3	29	74	22	43	24	39	18	38	20	39	12	34	24	48	11	33	18	45	17	37	hybrid	NA	19.5	43	4332.9	9554.6	0.312	13887.5	hook	kaal	HK	hook.hybrid	hook.hybrid.879.2-2	879.2-2	hook879
3	106-1	2016-11-21	1	899 2E-1 x 3587-14	WK	2E-1	3587WP	14	58	32	45	40	53	38	46	27	52	49	34	37	67	25	31	47	61	45	62	37	hybrid	NA	50.9	37.7	11309.98	8376.94	0.5744920993227991	19686.92	hook	kaal	HK	hook.hybrid	hook.hybrid.899.2E-1	899.2E-1	hook899
3	106-8	2017-02-28	5	899 2E-1 x 3587-14	WK	2E-1	3587WP	14	13	38	5	34	13	31	21	30	9	39	10	25	18	30	14	33	15	48	12	23	hybrid	NA	13	33.1	2888.6000000000004	7354.82	0.2819956616052061	10243.42	hook	kaal	HK	hook.hybrid	hook.hybrid.899.2E-1	899.2E-1	hook899
3	103-5	2016-10-12	1	899 2E-1 x 892-1	WK	2E-1	892WKG	1	21	13	10	17	8	18	18	22	9	18	12	15	14	32	11	15	20	27	14	20	hybrid	NA	13.7	19.7	3044.14	4377.339999999999	0.4101796407185629	7421.48	hook	kaal	HK	hook.hybrid	hook.hybrid.899.2E-1	899.2E-1	hook899
3	103-9	2016-11-16	2	899 2E-1 x 892-1	WK	2E-1	892WKG	1	27	19	30	23	41	27	38	17	34	23	27	12	29	17	53	28	32	22	36	28	hybrid	NA	34.7	21.6	7710.34	4799.52	0.6163410301953819	12509.86	hook	kaal	HK	hook.hybrid	hook.hybrid.899.2E-1	899.2E-1	hook899
3	106-5	2016-10-28	3	899 2E-1 x 904-5	WK	2E-1	904WPG	5	69	21	54	15	74	27	73	19	66	18	65	10	60	21	62	11	50	17	47	20	hybrid	NA	62	17.9	13776.399999999998	3977.379999999999	0.7759699624530663	17753.78	hook	kaal	HK	hook.hybrid	hook.hybrid.899.2E-1	899.2E-1	hook899
3	105-7	2016-11-02	3	899 2E-1 x 904-5	WK	2E-1	904WPG	5	43	29	48	30	26	21	51	32	35	25	24	20	33	30	27	31	37	21	36	29	hybrid	NA	36	26.8	7999.2	5954.96	0.5732484076433121	13954.16	hook	kaal	HK	hook.hybrid	hook.hybrid.899.2E-1	899.2E-1	hook899
3	105-12	2016-11-16	4	899 2E-1 x 904-5	WK	2E-1	904WPG	5	40	21	41	23	46	25	43	27	50	26	51	30	56	23	53	26	58	46	46	18	hybrid	NA	48.4	26.5	10754.48	5888.299999999999	0.6461949265687583	16642.78	hook	kaal	HK	hook.hybrid	hook.hybrid.899.2E-1	899.2E-1	hook899
3	185-11	2016-10-14	4	904-5 x 3587-7	904WPG	5	3587WP	7	65	10	57	4	60	9	61	11	79	15	68	11	41	11	85	8	56	11	76	9	between	JP: fixed crosstype from hybrid to between	64.8	9.9	14398.56	2199.7799999999997	0.8674698795180722	16598.34	kaal	kaal	KK	kaal.between	kaal.between.904.5	904.5	kaal904
3	175-2	2016-10-31	2	904-5 x 794-2	904WPG	5	WK	2	83	7	71	4	80	4	63	1	60	7	86	10	71	4	87	15	93	6	65	5	hybrid	NA	75.9	6.3	16864.98	1399.86	0.9233576642335766	18264.84	kaal	hook	KH	kaal.hybrid	kaal.hybrid.904.5	904.5	kaal904
3	213-1	2016-09-30	1	3587-14 x 904-3	3587WP	14	904WPG	3	30	5	22	3	41	7	44	5	50	14	59	9	48	6	43	9	45	8	43	9	between	NA	42.5	7.5	9443.5	1666.5	0.85	11110	kaal	kaal	KK	kaal.between	kaal.between.3587.14	3587.14	kaal3587
3	213-3	2016-10-28	1	3587-14 x 904-3	3587WP	14	904WPG	3	12	18	27	20	23	25	27	24	16	30	14	27	16	26	7	14	10	30	17	34	between	NA	16.9	24.8	3755.1799999999994	5510.5599999999995	0.40527577937649883	9265.739999999998	kaal	kaal	KK	kaal.between	kaal.between.3587.14	3587.14	kaal3587
3	218-4	2016-11-07	2	3587-15 x 904-3	3587WP	15	904WPG	3	71	3	38	6	49	7	65	3	58	7	77	1	67	5	70	3	48	3	60	1	between	NA	60.3	3.9	13398.659999999998	866.5799999999999	0.9392523364485982	14265.239999999998	kaal	kaal	KK	kaal.between	kaal.between.3587.15	3587.15	kaal3587
3	194-2	2016-11-30	1	3587-7 x 892-1	3587WP	7	892WKG	1	79	4	85	2	72	4	54	4	68	1	75	5	94	6	60	2	64	4	46	3	between	NA	69.7	3.5	15487.34	777.6999999999999	0.9521857923497268	16265.04	kaal	kaal	KK	kaal.between	kaal.between.3587.7	3587.7	kaal3587
3	197-1	2016-10-24	5	3587-7 x 904-5	3587WP	7	904WPG	5	52	0	42	2	58	3	44	0	52	3	50	1	43	3	40	0	46	0	39	2	between	NA	46.6	1.4	10354.52	311.08	0.9708333333333333	10665.6	kaal	kaal	KK	kaal.between	kaal.between.3587.7	3587.7	kaal3587
3	197-6	2016-11-04	9	3587-7 x 904-5	3587WP	7	904WPG	5	55	0	62	3	63	0	64	2	64	1	46	1	63	3	49	2	60	1	54	1	between	NA	58	1.4	12887.599999999999	311.08	0.9764309764309764	13198.679999999998	kaal	kaal	KK	kaal.between	kaal.between.3587.7	3587.7	kaal3587
3	234-4	2016-10-06	4	3587-C x 892-4	3587WP	C	892WKG	4	46	0	51	2	47	3	60	2	25	0	45	1	40	1	67	2	13	0	46	1	between	NA	44	1.2	9776.8	266.64	0.9734513274336284	10043.439999999999	kaal	kaal	KK	kaal.between	kaal.between.3587.C	3587.C	kaal3587
3	234-5	2016-10-11	2	3587-C x 892-4	3587WP	C	892WKG	4	36	10	44	6	47	12	35	13	32	10	48	14	33	14	42	14	53	10	19	5	between	NA	38.9	10.8	8643.58	2399.76	0.7826961770623743	11043.34	kaal	kaal	KK	kaal.between	kaal.between.3587.C	3587.C	kaal3587
3	235-4	2016-11-02	1	3587-C x 904-5	3587WP	C	904WPG	5	69	0	82	0	70	1	66	3	60	2	84	0	80	3	67	1	59	1	35	2	between	NA	67.2	1.3	14931.84	288.86	0.981021897810219	15220.7	kaal	kaal	KK	kaal.between	kaal.between.3587.C	3587.C	kaal3587
3	64-18	2016-09-30	4	794-2 x 866-2	WK	2	WK	2	37	1	34	2	26	1	32	0	28	0	41	1	74	1	66	1	36	0	53	0	within	JP: changed crosstype from between to within WK	42.7	0.7	9487.94	155.54	0.9838709677419354	9643.480000000001	hook	hook	HH	hook.within	hook.within.794.2	794.2	hook794
3	64-14	2016-10-04	1	794-2 x 866-2	WK	2	WK	2	48	0	32	2	45	0	62	1	40	0	28	0	43	2	30	1	36	1	38	1	within	JP: changed crosstype from between to within WK	40.2	0.8	8932.44	177.76	0.9804878048780488	9110.2	hook	hook	HH	hook.within	hook.within.794.2	794.2	hook794
3	64-19	2016-10-10	1	794-2 x 866-2	WK	2	WK	2	72	4	88	1	65	4	73	2	23	0	56	1	90	2	48	2	49	0	51	1	within	JP: changed crosstype from between to within WK	61.5	1.7	13665.3	377.73999999999995	0.9731012658227848	14043.039999999999	hook	hook	HH	hook.within	hook.within.794.2	794.2	hook794
3	59-8	2016-10-14	5	794-2 x 879 2-2	WK	2	879WKG	2-2	53	1	62	2	51	1	58	4	61	7	45	2	66	6	36	2	43	2	57	2	between	NA	53.2	2.9	11821.04	644.38	0.948306595365419	12465.42	hook	hook	HH	hook.between	hook.between.794.2	794.2	hook794
3	59-7	2016-10-21	5	794-2 x 879 2-2	WK	2	879WKG	2-2	76	0	63	3	56	2	70	2	62	3	25	1	85	4	72	10	80	3	57	5	between	NA	64.6	3.3	14354.119999999999	733.26	0.9513991163475699	15087.38	hook	hook	HH	hook.between	hook.between.794.2	794.2	hook794
3	79-28	2016-10-04	4	794-4 x 866-2	WK	4	WK	2	28	7	42	18	65	15	85	12	60	14	37	15	42	10	35	7	48	15	42	21	within	JP: changed crosstype from between to within WK	48.4	13.4	10754.48	2977.48	0.7831715210355987	13731.96	hook	hook	HH	hook.within	hook.within.794.4	794.4	hook794
3	79-26	2016-11-14	1	794-4 x 866-2	WK	4	WK	2	38	1	43	2	36	1	35	2	27	0	16	0	37	1	38	4	36	1	43	0	within	JP: changed crosstype from between to within WK	34.9	1.2	7754.779999999999	266.64	0.9667590027700831	8021.419999999999	hook	hook	HH	hook.within	hook.within.794.4	794.4	hook794
3	75-1	2016-09-15	1	794-4 x 879 10-1	WK	4	879WKG	10-1	61	6	35	2	52	7	50	4	25	2	40	1	26	0	33	0	27	1	45	7	between	NA	39.4	3	8754.679999999998	666.5999999999999	0.9292452830188679	9421.279999999999	hook	hook	HH	hook.between	hook.between.794.4	794.4	hook794
3	75-13	2016-10-07	3	794-4 x 879 10-1	WK	4	879WKG	10-1	43	0	56	2	27	0	57	2	42	3	22	1	67	0	34	0	59	0	45	0	between	NA	45.2	0.8	10043.44	177.76	0.9826086956521739	10221.2	hook	hook	HH	hook.between	hook.between.794.4	794.4	hook794
3	75-2	2017-03-10	4	794-4 x 879 10-1	WK	4	879WKG	10-1	50	0	58	0	54	1	42	0	43	3	53	1	54	0	44	0	47	2	36	0	between	NA	48.1	0.7	10687.82	155.54	0.985655737704918	10843.36	hook	hook	HH	hook.between	hook.between.794.4	794.4	hook794
3	93-6	2016-10-14	8	866-2 x 794-4	WK	2	WK	4	36	23	23	22	24	22	31	15	30	16	28	19	27	15	35	14	30	17	26	10	within	JP: changed crosstype from between to within WK	29	17.3	6443.799999999999	3844.06	0.6263498920086393	10287.859999999999	hook	hook	HH	hook.within	hook.within.866.2	866.2	hook866
3	93-17	2016-11-07	1	866-2 x 794-4	WK	2	WK	4	45	6	53	6	35	2	40	6	45	2	16	4	50	3	37	4	43	6	50	12	within	JP: changed crosstype from between to within WK	41.4	5.1	9199.08	1133.2199999999998	0.8903225806451613	10332.3	hook	hook	HH	hook.within	hook.within.866.2	866.2	hook866
3	91-8	2016-11-04	5	866-2 x 879 G-2	WK	2	879WKG	G-2	46	0	42	2	48	1	36	0	45	0	28	1	49	2	50	0	36	0	35	0	between	NA	41.5	0.6	9221.3	133.32	0.985748218527316	9354.619999999999	hook	hook	HH	hook.between	hook.between.866.2	866.2	hook866
3	91-17	2016-11-07	3	866-2 x 879 G-2	WK	2	879WKG	G-2	30	1	52	1	54	0	43	1	40	0	55	1	54	2	31	1	54	0	56	1	between	NA	46.9	0.8	10421.18	177.76	0.9832285115303983	10598.94	hook	hook	HH	hook.between	hook.between.866.2	866.2	hook866
3	91-1	2016-11-16	1	866-2 x 879 G-2	WK	2	879WKG	G-2	38	8	24	1	44	3	27	4	45	0	64	5	44	2	37	4	43	6	35	5	between	NA	40.1	3.8	8910.22	844.3599999999999	0.9134396355353075	9754.58	hook	hook	HH	hook.between	hook.between.866.2	866.2	hook866
3	20-7	2016-09-30	2	879 10-1 x 794-4	879WKG	10-1	WK	4	41	2	48	8	56	9	53	4	48	7	36	7	59	4	30	6	42	6	43	3	between	NA	45.6	5.6	10132.32	1244.32	0.890625	11376.64	hook	hook	HH	hook.between	hook.between.879.10-1	879.10-1	hook879
3	20-2	2016-10-10	3	879 10-1 x 794-4	879WKG	10-1	WK	4	36	6	32	3	35	3	37	4	33	5	33	5	33	3	39	4	39	8	17	6	between	NA	33.4	4.7	7421.48	1044.34	0.8766404199475065	8465.82	hook	hook	HH	hook.between	hook.between.879.10-1	879.10-1	hook879
3	4-7	2016-10-10	5	879 2-2 x 794-2	879WKG	2-2	WK	2	33	2	52	2	34	3	33	0	27	3	32	5	34	5	29	1	46	5	72	3	between	NA	39.2	2.9	8710.24	644.38	0.9311163895486937	9354.619999999999	hook	hook	HH	hook.between	hook.between.879.2-2	879.2-2	hook879
3	4-15	2016-10-14	7	879 2-2 x 794-2	879WKG	2-2	WK	2	62	7	74	7	80	4	110	10	64	4	66	6	97	6	69	8	78	2	72	5	between	NA	77.2	5.9	17153.84	1310.98	0.9290012033694345	18464.82	hook	hook	HH	hook.between	hook.between.879.2-2	879.2-2	hook879
3	50-1	2016-09-15	3	879 N-5 x 794-4	879WKG	N-5	WK	4	52	0	52	3	35	0	36	1	33	4	34	0	38	1	25	1	46	2	26	1	between	NA	37.7	1.3	8376.94	288.86	0.9666666666666666	8665.800000000001	hook	hook	HH	hook.between	hook.between.879.N-5	879.N-5	hook879
3	50-2	2016-10-28	2	879 N-5 x 794-4	879WKG	N-5	WK	4	28	0	42	3	39	5	40	1	36	5	32	4	47	2	32	6	56	3	27	3	between	NA	37.9	3.2	8421.38	711.04	0.9221411192214113	9132.419999999998	hook	hook	HH	hook.between	hook.between.879.N-5	879.N-5	hook879
3	120-1	2016-10-31	4	892-1 x 3587-7	892WKG	1	3587WP	7	49	2	37	1	47	1	44	0	49	0	51	0	58	0	52	0	41	0	43	1	between	NA	47.1	0.5	10465.619999999999	111.1	0.9894957983193277	10576.72	kaal	kaal	KK	kaal.between	kaal.between.892.1	892.1	kaal892
3	120-2	2016-11-14	2	892-1 x 3587-7	892WKG	1	3587WP	7	52	0	52	3	62	5	49	2	55	2	53	1	55	1	43	2	44	0	34	2	between	NA	49.9	1.8	11087.779999999999	399.9599999999999	0.9651837524177951	11487.739999999998	kaal	kaal	KK	kaal.between	kaal.between.892.1	892.1	kaal892
3	120-3	2016-11-16	5	892-1 x 3587-7	892WKG	1	3587WP	7	59	1	51	2	53	1	60	1	49	1	39	1	46	1	48	1	71	2	58	2	between	NA	53.4	1.3	11865.48	288.86	0.9762340036563071	12154.34	kaal	kaal	KK	kaal.between	kaal.between.892.1	892.1	kaal892
3	117-13	2016-10-07	5	892-1 x 904-2	892WKG	1	904WPG	2	43	6	46	14	42	10	29	16	23	16	40	10	44	15	30	12	28	10	38	20	between	NA	36.3	12.9	8065.859999999999	2866.38	0.7378048780487805	10932.239999999998	kaal	kaal	KK	kaal.between	kaal.between.892.1	892.1	kaal892
3	117-5	2016-10-14	2	892-1 x 904-2	892WKG	1	904WPG	2	35	3	39	1	29	5	55	4	46	3	51	1	41	5	46	5	32	2	72	3	between	NA	44.6	3.2	9910.119999999999	711.04	0.9330543933054393	10621.16	kaal	kaal	KK	kaal.between	kaal.between.892.1	892.1	kaal892
3	127-4	2016-10-28	4	892-3 x 3587-7	892WKG	3	3587WP	7	81	4	47	1	71	0	85	0	105	4	51	1	67	2	57	0	54	0	59	1	between	NA	67.7	1.3	15042.94	288.86	0.981159420289855	15331.800000000001	kaal	kaal	KK	kaal.between	kaal.between.892.3	892.3	kaal892
3	127-1	2016-11-21	2	892-3 x 3587-7	892WKG	3	3587WP	7	69	4	52	3	36	1	41	3	48	2	72	3	41	0	57	3	40	0	56	7	between	NA	51.2	2.6	11376.64	577.72	0.9516728624535317	11954.359999999999	kaal	kaal	KK	kaal.between	kaal.between.892.3	892.3	kaal892
3	127-2	2017-02-28	3	892-3 x 3587-7	892WKG	3	3587WP	7	45	1	45	6	49	6	55	6	29	1	61	2	28	2	36	1	44	0	44	2	between	NA	43.6	2.7	9687.92	599.94	0.9416846652267818	10287.86	kaal	kaal	KK	kaal.between	kaal.between.892.3	892.3	kaal892
3	121-7	2017-02-28	1	892-3 x 904-5	892WKG	3	904WPG	5	15	70	5	61	10	78	7	75	6	79	9	84	7	79	12	89	6	90	9	92	between	NA	8.6	79.7	1910.9199999999998	17709.34	0.09739524348810873	19620.26	kaal	kaal	KK	kaal.between	kaal.between.892.3	892.3	kaal892
3	121-2	2017-02-28	2	892-3 x 904-5	892WKG	3	904WPG	5	64	27	37	12	46	18	47	18	46	23	28	14	66	20	41	22	54	18	55	19	between	NA	48.4	19.1	10754.48	4244.02	0.717037037037037	14998.5	kaal	kaal	KK	kaal.between	kaal.between.892.3	892.3	kaal892
3	143-1	2016-11-04	7	892-5 x 3587-14	892WKG	5	3587WP	14	59	1	62	3	39	2	49	1	40	1	51	0	37	3	50	1	67	2	44	1	between	NA	49.8	1.5	11065.560000000001	333.29999999999995	0.9707602339181287	11398.86	kaal	kaal	KK	kaal.between	kaal.between.892.5	892.5	kaal892
3	143-3	2016-11-14	3	892-5 x 3587-14	892WKG	5	3587WP	14	60	4	62	5	61	5	51	0	54	6	66	2	67	4	65	4	61	8	61	5	between	NA	60.8	4.3	13509.759999999998	955.4599999999999	0.9339477726574501	14465.219999999998	kaal	kaal	KK	kaal.between	kaal.between.892.5	892.5	kaal892
3	143-4	2016-11-21	3	892-5 x 3587-14	892WKG	5	3587WP	14	24	3	41	2	42	4	40	2	22	1	28	0	26	3	38	5	46	1	31	4	between	NA	33.8	2.5	7510.359999999999	555.5	0.931129476584022	8065.859999999999	kaal	kaal	KK	kaal.between	kaal.between.892.5	892.5	kaal892
3	142-4	2016-10-14	10	892-5 x 904-5	892WKG	5	904WPG	5	31	10	37	3	27	13	38	16	25	11	38	11	33	9	32	8	31	13	41	12	between	NA	33.3	10.6	7399.259999999999	2355.3199999999997	0.7585421412300685	9754.579999999998	kaal	kaal	KK	kaal.between	kaal.between.892.5	892.5	kaal892
3	142-5	2016-10-21	1	892-5 x 904-5	892WKG	5	904WPG	5	11	33	15	31	6	24	11	27	10	23	12	18	23	24	10	20	14	20	9	22	between	NA	12.1	24.2	2688.62	5377.24	0.3333333333333333	8065.86	kaal	kaal	KK	kaal.between	kaal.between.892.5	892.5	kaal892
3	142-1	2016-10-21	3	892-5 x 904-5	892WKG	5	904WPG	5	56	10	53	10	83	7	37	7	48	8	48	10	39	5	36	8	64	5	48	14	between	NA	51.2	8.4	11376.64	1866.48	0.8590604026845637	13243.119999999999	kaal	kaal	KK	kaal.between	kaal.between.892.5	892.5	kaal892
3	102-7	2016-10-10	2	899 2E-1 x 879 2-2	WK	2E-1	879WKG	2-2	22	5	16	7	22	3	28	6	14	2	54	7	19	4	11	2	13	4	14	2	between	NA	21.3	4.2	4732.86	933.24	0.8352941176470589	5666.0999999999995	hook	hook	HH	hook.between	hook.between.899.2E-1	899.2E-1	hook899
3	155-1	2016-10-31	1	904-2 x 892-1	904WPG	2	892WKG	1	39	3	17	1	28	1	28	0	25	0	30	1	33	0	28	0	36	1	21	3	between	NA	28.5	1	6332.7	222.2	0.9661016949152542	6554.9	kaal	kaal	KK	kaal.between	kaal.between.904.2	904.2	kaal904
3	155-8	2016-11-30	3	904-2 x 892-1	904WPG	2	892WKG	1	33	11	63	12	57	8	40	6	33	7	50	4	38	7	30	13	48	1	51	9	between	NA	44.3	7.8	9843.46	1733.1599999999999	0.8502879078694817	11576.619999999999	kaal	kaal	KK	kaal.between	kaal.between.904.2	904.2	kaal904
3	170-3	2016-10-12	4	904-3 x 3587-14	904WPG	3	3587WP	14	40	1	32	6	32	2	52	3	52	7	38	3	37	2	60	5	27	4	47	5	between	NA	41.7	3.8	9265.74	844.3599999999999	0.9164835164835164	10110.1	kaal	kaal	KK	kaal.between	kaal.between.904.3	904.3	kaal904
3	170-1	2016-11-04	1	904-3 x 3587-14	904WPG	3	3587WP	14	56	2	71	1	56	6	69	3	52	4	26	0	74	0	64	1	76	1	51	4	between	NA	59.5	2.2	13220.9	488.84000000000003	0.9643435980551054	13709.74	kaal	kaal	KK	kaal.between	kaal.between.904.3	904.3	kaal904
3	167-8	2016-11-04	2	904-3 x 892-4	904WPG	3	892WKG	4	47	0	37	3	48	9	44	4	30	1	49	2	50	7	40	3	60	0	51	6	between	NA	45.6	3.5	10132.32	777.6999999999999	0.9287169042769857	10910.02	kaal	kaal	KK	kaal.between	kaal.between.904.3	904.3	kaal904
3	185-12	2016-10-14	9	904-5 x 3587-7	904WPG	5	3587WP	7	26	9	32	9	30	12	10	4	26	6	28	5	42	14	33	7	25	8	42	7	between	NA	29.4	8.1	6532.679999999999	1799.82	0.7839999999999999	8332.5	kaal	kaal	KK	kaal.between	kaal.between.904.5	904.5	kaal904
3	185-6	2016-11-30	4	904-5 x 3587-7	904WPG	5	3587WP	7	40	6	55	2	52	4	69	9	40	8	47	6	70	4	44	4	56	4	54	3	between	NA	52.7	5	11709.940000000002	1111	0.9133448873483536	12820.940000000002	kaal	kaal	KK	kaal.between	kaal.between.904.5	904.5	kaal904
3	181-14	2016-09-15	5	904-5 x 892-4	904WPG	5	892WKG	4	31	37	27	41	19	35	32	23	28	35	23	40	29	44	49	36	25	32	34	43	between	NA	29.7	36.6	6599.34	8132.5199999999995	0.4479638009049774	14731.86	kaal	kaal	KK	kaal.between	kaal.between.904.5	904.5	kaal904
3	181-5	2016-10-04	2	904-5 x 892-4	904WPG	5	892WKG	4	33	30	23	25	31	27	25	16	30	22	41	22	13	12	41	39	29	24	25	30	between	NA	29.1	24.7	6466.02	5488.339999999999	0.5408921933085502	11954.36	kaal	kaal	KK	kaal.between	kaal.between.904.5	904.5	kaal904
3	181-1	2016-11-02	4	904-5 x 892-4	904WPG	5	892WKG	4	75	1	66	1	89	2	92	4	34	0	46	1	48	1	80	0	49	0	64	0	between	NA	64.3	1	14287.46	222.2	0.9846860643185298	14509.66	kaal	kaal	KK	kaal.between	kaal.between.904.5	904.5	kaal904
3	221-2	2016-11-30	2	3587-15 x 3587-C	3587WP	15	3587WP	C	88	2	63	5	76	6	48	3	88	7	50	7	86	2	104	7	63	5	77	6	within	NA	74.3	5	16509.46	1111	0.9369482976040353	17620.46	kaal	kaal	KK	kaal.within	kaal.within.3587.15	3587.15	kaal3587
3	221-3	2017-03-10	1	3587-15 x 3587-C	3587WP	15	3587WP	C	53	3	76	1	54	4	52	1	71	2	52	0	58	5	59	3	59	3	60	1	within	NA	59.4	2.3	13198.68	511.05999999999995	0.9627228525121556	13709.74	kaal	kaal	KK	kaal.within	kaal.within.3587.15	3587.15	kaal3587
3	198-17	2016-09-15	4	3587-7 x 3587-14	3587WP	7	3587WP	14	11	1	1	0	15	3	0	0	2	1	17	5	17	0	2	2	25	2	13	2	within	NA	10.3	1.6	2288.66	355.52	0.865546218487395	2644.18	kaal	kaal	KK	kaal.within	kaal.within.3587.7	3587.7	kaal3587
3	198-9	2016-10-04	3	3587-7 x 3587-14	3587WP	7	3587WP	14	58	3	63	8	45	0	59	3	30	7	43	4	34	7	52	5	37	5	48	5	within	NA	46.9	4.7	10421.18	1044.34	0.9089147286821705	11465.52	kaal	kaal	KK	kaal.within	kaal.within.3587.7	3587.7	kaal3587
3	198-5	2016-10-07	4	3587-7 x 3587-14	3587WP	7	3587WP	14	62	4	49	2	84	4	79	8	51	7	62	7	56	8	70	6	76	3	76	4	within	NA	66.5	5.3	14776.3	1177.6599999999999	0.9261838440111421	15953.96	kaal	kaal	KK	kaal.within	kaal.within.3587.7	3587.7	kaal3587
3	299-1	2016-11-16	3	3587-A x 3587-14	3587WP	A	3587WP	14	54	0	47	2	39	1	44	1	54	0	47	0	34	0	35	0	28	1	22	0	within	NA	40.4	0.5	8976.88	111.1	0.9877750611246944	9087.98	kaal	kaal	KK	kaal.within	kaal.within.3587.A	3587.A	kaal3587
3	229-3	2016-11-21	4	3587-A x 3587-14	3587WP	A	3587WP	14	27	12	52	11	33	9	39	9	43	6	36	9	31	7	37	12	32	5	32	6	within	NA	36.2	8.6	8043.64	1910.9199999999998	0.8080357142857144	9954.56	kaal	kaal	KK	kaal.within	kaal.within.3587.A	3587.A	kaal3587
3	63-9	2016-09-30	3	794-2 x 794-4	WK	2	WK	4	38	0	30	2	50	4	37	3	30	6	23	5	36	3	23	2	25	1	28	2	within	NA	32	2.8	7110.4	622.16	0.9195402298850575	7732.5599999999995	hook	hook	HH	hook.within	hook.within.794.2	794.2	hook794
3	63-2	2016-10-04	5	794-2 x 794-4	WK	2	WK	4	31	8	40	9	40	5	44	7	25	8	37	1	31	5	27	2	35	0	23	8	within	NA	33.3	5.3	7399.259999999999	1177.6599999999999	0.8626943005181348	8576.919999999998	hook	hook	HH	hook.within	hook.within.794.2	794.2	hook794
3	63-16	2016-10-07	2	794-3 x 794-2	WK	3	WK	2	62	0	43	3	55	0	42	0	67	2	77	0	58	1	69	0	56	0	48	1	within	NA	57.7	0.7	12820.94	155.54	0.9880136986301369	12976.480000000001	hook	hook	HH	hook.within	hook.within.794.3	794.3	hook794
3	15-3	2016-10-14	6	879 10-1 x 879 2-2	879WKG	10-1	879WKG	2-2	34	5	32	2	39	1	29	3	52	2	48	1	31	1	31	2	41	2	48	1	within	NA	38.5	2	8554.699999999999	444.4	0.9506172839506173	8999.099999999999	hook	hook	HH	hook.within	hook.within.879.10-1	879.10-1	hook879
3	17-2	2016-10-11	4	879 10-1 x 879 H-2	879WKG	10-1	879WKG	H-2	35	9	26	11	20	9	34	12	43	13	41	15	23	8	33	20	24	11	21	11	within	NA	30	11.9	6666	2644.1800000000003	0.7159904534606205	9310.18	hook	hook	HH	hook.within	hook.within.879.10-1	879.10-1	hook879
3	1-13	2016-10-10	4	879 2-2 x 879 G-2	879WKG	2-2	879WKG	G-2	51	2	35	4	45	0	32	4	25	0	44	2	23	2	44	1	28	1	41	2	within	JP: changed V4=332 to 32	36.8	1.8	8176.959999999999	399.9599999999999	0.9533678756476685	8576.919999999998	hook	hook	HH	hook.within	hook.within.879.2-2	879.2-2	hook879
3	1-3	2016-11-04	3	879 2-2 x 879 G-2	879WKG	2-2	879WKG	G-2	27	7	43	9	47	7	28	2	37	4	35	2	29	2	41	6	34	2	47	1	within	NA	36.8	4.2	8176.959999999999	933.24	0.8975609756097561	9110.199999999999	hook	hook	HH	hook.within	hook.within.879.2-2	879.2-2	hook879
3	48-3	2016-10-06	5	879 N-5 x 879 H-2	879WKG	N-5	879WKG	H-2	25	2	30	1	26	4	33	2	35	4	27	1	16	0	28	1	24	1	32	4	within	NA	27.6	2	6132.72	444.4	0.9324324324324325	6577.12	hook	hook	HH	hook.within	hook.within.879.N-5	879.N-5	hook879
3	115-1	2016-10-21	2	892-1 x 892-4	892WKG	1	892WKG	4	10	50	22	48	19	70	15	58	18	45	3	32	19	65	16	58	26	55	18	46	within	NA	16.6	52.7	3688.5199999999995	11709.940000000002	0.23953823953823947	15398.460000000003	kaal	kaal	KK	kaal.within	kaal.within.892.1	892.1	kaal892
3	115-2	2016-11-04	8	892-1 x 892-4	892WKG	1	892WKG	4	72	10	64	15	72	12	62	14	60	11	67	10	36	8	50	14	39	11	44	10	within	NA	56.6	11.5	12576.52	2555.2999999999997	0.8311306901615272	15131.82	kaal	kaal	KK	kaal.within	kaal.within.892.1	892.1	kaal892
3	116-2	2017-03-10	5	892-1 x 892-5	892WKG	1	892WKG	5	24	1	19	1	30	1	24	1	15	4	24	1	28	2	29	0	20	6	15	2	within	NA	22.8	1.9	5066.16	422.17999999999995	0.923076923076923	5488.34	kaal	kaal	KK	kaal.within	kaal.within.892.1	892.1	kaal892
3	125-1	2016-11-21	5	892-3 x 892-1	892WKG	3	892WKG	1	63	7	65	4	36	4	56	3	24	7	33	3	20	3	48	4	36	5	48	3	within	NA	42.9	4.3	9532.38	955.4599999999999	0.9088983050847458	10487.839999999998	kaal	kaal	KK	kaal.within	kaal.within.892.3	892.3	kaal892
3	140-1	2016-10-11	3	892-5 x 892-4	892WKG	5	892WKG	4	34	3	30	3	39	8	27	5	34	6	29	9	38	4	21	2	32	7	43	10	within	NA	32.7	5.7	7265.9400000000005	1266.54	0.8515625000000001	8532.48	kaal	kaal	KK	kaal.within	kaal.within.892.5	892.5	kaal892
3	140-6	2016-11-04	10	892-5 x 892-4	892WKG	5	892WKG	4	25	36	24	32	28	39	26	34	31	34	35	25	16	24	11	30	18	22	22	31	within	NA	23.6	30.7	5243.92	6821.539999999999	0.4346224677716391	12065.46	kaal	kaal	KK	kaal.within	kaal.within.892.5	892.5	kaal892
3	140-3	2016-11-07	5	892-5 x 892-4	892WKG	5	892WKG	4	75	5	50	1	104	4	72	5	59	1	42	3	63	4	55	4	110	3	38	3	within	NA	66.8	3.3	14842.96	733.26	0.9529243937232524	15576.22	kaal	kaal	KK	kaal.within	kaal.within.892.5	892.5	kaal892
3	158-2	2016-10-07	1	904-2 x 904-5	904WPG	2	904WPG	5	66	3	49	1	57	4	68	1	62	1	61	5	62	2	56	0	82	3	54	0	within	NA	61.7	2	13709.74	444.4	0.9686028257456829	14154.14	kaal	kaal	KK	kaal.within	kaal.within.904.2	904.2	kaal904
3	168-8	2016-10-06	3	904-3 x 904-2	904WPG	3	904WPG	2	28	14	37	26	32	21	44	18	30	19	37	19	16	20	16	24	34	22	31	18	within	NA	30.5	20.1	6777.0999999999995	4466.22	0.6027667984189723	11243.32	kaal	kaal	KK	kaal.within	kaal.within.904.3	904.3	kaal904
3	168-11	2016-10-31	5	904-3 x 904-2	904WPG	3	904WPG	2	26	10	25	6	34	10	41	14	25	9	26	8	31	8	37	12	24	15	31	11	within	NA	30	10.3	6666	2288.66	0.7444168734491315	8954.66	kaal	kaal	KK	kaal.within	kaal.within.904.3	904.3	kaal904
3	168-12	2016-11-04	6	904-3 x 904-2	904WPG	3	904WPG	2	38	1	34	1	25	1	39	0	53	0	49	1	28	3	43	1	36	2	57	0	within	NA	40.2	1	8932.44	222.2	0.9757281553398057	9154.640000000001	kaal	kaal	KK	kaal.within	kaal.within.904.3	904.3	kaal904
3	184-20	2016-10-24	1	904-5 x 904-3	904WPG	5	904WPG	3	83	2	49	0	62	3	17	4	66	1	56	3	49	2	70	4	46	9	49	3	within	NA	54.7	3.1	12154.34	688.8199999999999	0.9463667820069205	12843.16	kaal	kaal	KK	kaal.within	kaal.within.904.5	904.5	kaal904
3	184-5	2017-02-28	4	904-5 x 904-3	904WPG	5	904WPG	3	35	2	35	4	40	2	56	1	41	4	63	1	43	4	36	1	59	4	47	3	within	NA	45.5	2.6	10110.1	577.72	0.945945945945946	10687.82	kaal	kaal	KK	kaal.within	kaal.within.904.5	904.5	kaal904
